overs_remaining,wickets_down,current_run_rate,target_score,runs_scored,pitch_type,opposition_strength,recommended_batsman,recommended_bowler,win_probability
9.51988611360262,4,7.116087436224751,194,101,1,6.2704583061512045,88,132,0.6678043718112375
1.804735166946586,5,8.828262734022042,134,98,2,8.89529502837222,165,61,0.7734131367011021
10.508653548062938,9,9.329274776229358,146,20,2,6.076176862909416,150,43,0.37446373881146794
12.273543505722913,2,8.966982803487102,182,171,3,7.158952358006092,63,168,0.9843491401743553
4.192797125222294,7,5.357458304333901,170,70,2,8.837414572214785,74,94,0.3278729152166951
7.000346763582487,8,7.446076559735223,124,79,2,9.243826161067815,60,43,0.42430382798676114
16.20034918824006,6,11.9328235744547,216,148,3,7.958478349229023,192,63,0.6646411787227351
9.307250035348751,8,10.60873823980358,172,46,3,6.535910118778488,86,133,0.48643691199017897
5.154389173979908,4,7.048597665111504,169,1,3,7.683297917487698,134,63,0.7144298832555751
17.74357951780451,1,7.117157783934889,212,77,3,8.691637644900188,30,53,0.9318578891967444
18.408575518090217,5,10.437915915797939,184,107,2,8.48655672322073,77,20,0.753895795789897
5.004479270161691,5,6.67887437964397,123,10,1,7.7520093654902915,131,116,0.6879437189821985
14.722148922671217,8,9.02320764553733,122,113,1,8.237956161508114,83,1,0.5071603822768664
1.8529042349856497,9,6.8577458157732725,203,42,2,9.200360733460071,64,190,0.13688729078866357
15.930312931411708,0,7.760765459998542,158,125,1,5.799293930051917,189,189,0.99
14.232821184731076,4,6.4814414560833855,171,67,3,9.644092735060529,57,43,0.6820720728041694
19.53967330255192,6,8.929033377761545,190,57,2,5.800427451126678,199,199,0.5664516688880773
7.604655272976717,5,11.787624152468481,150,60,3,9.281455649639916,186,5,0.889381207623424
5.880912201923352,0,6.820549630874808,172,53,3,6.985493375044758,86,75,0.99
17.265906263311987,7,5.966688205916575,137,64,1,7.284919741573808,134,119,0.42433441029582875
1.327482284672047,2,5.1969970533807635,185,69,1,9.396548656589841,169,69,0.7898498526690382
9.164592005025657,0,7.492224287141075,164,36,2,8.971677604146423,59,122,0.99
17.030543172557284,2,9.341975576471762,157,121,3,9.682534095509004,49,147,0.99
12.132718880375448,5,10.73157090803503,183,177,2,5.485585145291553,125,71,0.7705785454017514
19.287329132537685,1,6.978530024997389,192,192,1,5.8415152212927,150,23,0.9649265012498695
11.60952508212162,7,8.754939214174215,189,188,2,8.204797349852186,152,134,0.4597469607087108
16.443347124684692,6,7.796032752239143,151,132,3,7.614706336473354,56,177,0.5878016376119573
17.200734635398508,3,9.026721596430939,152,133,1,8.784787706297438,103,151,0.9473360798215471
17.097025213684486,7,11.610025066554128,138,46,1,8.392135394092506,23,47,0.7045012533277064
0.14790589906660923,3,11.820698107083667,184,100,3,6.519017106701851,69,5,0.99
12.329948046709198,0,6.697857355572229,215,31,1,5.06503611132063,90,134,0.99
4.312940931988971,9,8.277827500612025,198,187,3,8.108835048003362,74,63,0.2178913750306012
15.466448053902464,2,5.538256910280721,157,77,3,7.260284929020838,150,52,0.862912845514036
0.3169541565179881,8,9.42935544729496,185,99,3,6.739403403761536,192,153,0.40146777236474795
0.8302199095070305,8,7.4679819922148605,186,39,3,8.516163911937513,45,146,0.30139909961074296
19.042374853673984,6,5.186457459493525,132,116,2,7.57306616362707,142,23,0.49532287297467625
2.8627363543254165,6,6.285492998478348,188,167,2,7.048845504330679,1,135,0.4382746499239174
2.3689640196162784,9,7.596426004546121,219,34,2,5.94117496195624,101,164,0.14182130022730605
9.51715494834075,9,6.866202968162153,135,40,2,7.96604503258456,40,73,0.27331014840810763
13.523304574695308,0,7.260245451626756,197,110,3,6.380402075293954,3,29,0.99
14.210641523957314,9,4.176160418577195,206,82,3,8.995580151813636,146,70,0.01
5.842558636801839,1,8.122345580456576,216,113,2,9.273278820730559,153,122,0.9741172790228287
13.047112016119836,0,5.618834360898481,168,105,3,7.333386886690317,150,162,0.99
15.687221771731325,6,5.741317479006822,218,180,3,8.92650510567399,131,97,0.3510658739503411
13.208842751669513,8,8.720795142902752,193,85,1,5.4665275140445635,158,195,0.3500397571451376
11.200742017446343,3,5.532702766778469,156,89,3,8.349993195081224,11,76,0.7646351383389236
3.7173110834977146,2,4.575837184590606,206,179,1,7.277302079296248,100,139,0.7167918592295303
0.7998722214783371,7,5.855558805208943,146,93,3,8.619916883805688,89,134,0.4007779402604473
17.081263172420684,5,10.522987535329143,134,119,1,6.9154369523207135,149,116,0.8581493767664572
5.197797233095876,0,11.265540293686593,189,178,2,9.59234727403508,69,45,0.99
14.771652770219882,1,7.708929885645778,143,90,3,6.678697161959837,188,87,0.99
7.7521368863274205,4,8.930391352377434,206,50,3,6.611412683306996,11,155,0.7345195676188717
0.2624832997998985,7,8.253426630344244,137,86,2,7.223664091299224,171,135,0.5386713315172122
12.202966175805111,1,6.126749996146911,175,165,3,7.0941172879449415,132,184,0.9563374998073453
1.141647052065273,5,4.6133601883178805,132,14,1,8.36744557180618,157,94,0.566668009415894
3.2264534827839695,0,8.933341315170257,150,50,1,7.524088594048314,103,133,0.99
4.387532127199312,7,5.8048966633342385,185,62,1,6.7445484654277035,20,89,0.32024483316671193
12.29895870379788,5,8.063883741476022,123,109,1,7.476788599294505,40,135,0.757194187073801
1.6117814669337378,6,10.50637923956224,152,67,3,6.2137907235150545,132,122,0.721318961978112
5.007241881885529,6,7.958169563968543,192,29,2,9.052605588619286,135,164,0.5139084781984271
5.630846246260578,2,5.007938957915907,198,81,2,6.2581416256353695,168,168,0.7543969478957954
15.297141560490553,1,11.941174894916134,201,127,1,9.746335944733133,176,46,0.99
1.7873965766153457,4,6.566658147783237,158,96,3,9.826233889120925,143,184,0.7123329073891618
3.26069029733581,8,8.714113617951812,189,54,2,6.705550436861184,127,51,0.3577056808975906
7.698362377047482,5,7.604856071977005,197,72,2,8.20218804630475,23,170,0.5862428035988502
8.805005879130734,5,5.051222131441051,122,87,1,5.4473831632575775,125,122,0.6085611065720525
1.7818530772087442,3,9.149714895311217,171,171,3,5.757347333741751,188,190,0.9154857447655609
5.280219242820322,9,6.241020893389514,128,32,3,6.6258988690531595,6,26,0.2560510446694757
18.697191348475485,1,7.046898319885285,180,138,1,9.307085015885633,178,21,0.99
2.944091991900723,2,5.5974034864212125,131,90,3,8.536432898596978,44,46,0.9178701743210607
0.10255016897132535,7,9.060900701187645,179,38,2,9.959885490087078,94,181,0.49504503505938235
18.696841267385185,0,7.020012306076912,183,144,2,7.972475344022572,180,180,0.99
2.7066105981886985,7,4.381083822964795,129,62,1,9.847492469477412,182,63,0.3610541911482398
9.752860847643621,1,11.530393897460055,122,104,3,9.510882758530837,189,101,0.99
16.80723984883416,6,7.654913860429037,170,2,1,7.6344218420052945,185,55,0.5427456930214518
12.466078943230812,3,7.602461295079225,137,42,2,9.950794795186923,68,80,0.9061230647539613
19.37315210962866,3,10.775778529824626,164,108,2,5.893779563258603,159,46,0.99
6.512425289599415,5,11.464278090501988,173,54,3,6.205205030038488,66,140,0.8272139045250992
8.869239197057885,7,6.8787703399735705,143,42,1,5.6409817849924355,25,98,0.4579385169986785
6.310788307686104,6,5.180997150987267,172,56,2,7.048644071876554,75,12,0.41504985754936335
14.811395370507563,3,4.363229560105087,169,29,1,8.034898819067786,174,119,0.6801614780052545
9.197967249499364,5,11.786574284507797,202,26,3,7.133161577383715,105,171,0.7853287142253899
13.91267071330091,8,9.579338747942444,202,38,2,8.845080467995835,51,19,0.37496693739712217
13.261433761841856,1,6.812581541250907,140,26,3,8.10056572506452,86,167,0.99
9.745722251144548,0,8.736702616157508,190,53,2,5.923505297675715,40,146,0.99
7.817530241597103,1,9.37866192781203,192,30,3,7.6550726760672845,106,188,0.99
2.248928970342682,1,5.193694613105287,183,101,2,6.74380444249231,4,192,0.8936847306552643
10.67329406494493,8,11.11813109206718,203,86,2,5.787170038078017,160,104,0.44990655460335893
5.660503189934666,1,9.577068728672495,203,200,3,5.281228850221471,35,140,0.99
8.468572559372529,9,6.696136073446471,136,26,1,8.43641530116018,106,52,0.26280680367232356
2.3650327481853664,0,6.000991266681322,165,143,3,6.763498203115849,18,18,0.99
12.88087883876413,9,7.4440484286515,135,28,2,8.093587452128412,0,54,0.3022024214325749
17.405453066719836,6,10.539283723530904,196,29,1,6.7615562123191415,177,31,0.6349641861765453
15.717259074678315,5,11.163153763841951,120,22,3,8.151999634201182,116,86,0.9181576881920976
13.095148829001841,1,7.181581116873381,166,29,2,9.637754706862056,51,80,0.99
18.445495218186505,0,8.726357580965749,195,132,2,9.597094669810012,159,100,0.99
11.134695640689824,5,11.240170681829472,217,57,1,9.823802047056482,145,159,0.7280085340914737
17.429560960826695,7,6.186530631213422,185,112,3,7.076760856808173,62,11,0.33932653156067116
8.10498050723901,8,9.056543353494899,160,147,1,5.125727079321011,1,10,0.4328271676747449
10.02628756108574,9,10.476620648600296,175,147,2,9.356581735256984,68,86,0.37383103243001475
15.318237551238946,0,8.013364251388007,144,0,3,7.703737664709816,54,179,0.99
18.22588277057876,3,6.418679996558226,133,5,2,6.699895329555199,107,115,0.8549339998279115
15.786857357203687,3,7.599155455120605,183,154,2,8.562677460828269,199,54,0.8139577727560304
1.1883755649107013,1,8.327032046885277,140,64,3,8.483051283322794,190,78,0.99
16.114798700012336,7,5.726816546678755,122,6,3,5.5021239482424145,106,110,0.44234082733393776
10.26857999036494,3,9.712253599763581,184,178,1,6.14626154800286,142,132,0.9176126799881793
1.761269400461564,3,6.903045624608741,153,67,3,7.906705167794668,90,110,0.8391522812304373
12.663872156860313,5,7.822972995744222,120,101,1,6.314766400501618,87,57,0.7511486497872111
0.6724320503273217,0,11.490872613113153,160,72,3,8.621678920763557,58,149,0.99
3.2814302562520647,2,4.151674356199684,163,5,2,8.346411128377616,22,21,0.7815837178099843
11.123845559983366,8,9.87527349110381,214,116,1,6.467801330142409,50,11,0.3657636745551905
7.5230892110444,5,4.199656137615154,208,193,2,5.71139387494619,14,185,0.3939828068807577
3.4085966922758515,6,4.887353833688181,154,11,2,5.2488819798887185,59,199,0.4363676916844091
2.9862076586566886,5,4.894482220435034,186,99,3,6.275062470826894,42,171,0.4727241110217517
19.525233799116005,1,11.381570679931574,181,176,3,5.096156675780854,97,59,0.99
18.86337792633564,6,7.831020817733237,156,23,1,5.866089984885407,89,75,0.579551040886662
9.100818093397091,5,7.388405711419765,158,124,2,6.697630697309799,36,125,0.6534202855709883
10.995192982374208,8,11.374319511104645,123,90,2,9.344268440607458,68,53,0.6227159755552322
1.9657487761590433,6,6.08608467697084,133,7,1,6.954247046025846,171,95,0.538304233848542
17.516600822316615,7,8.500400455970574,151,114,1,8.072934535045647,16,179,0.5230200227985287
16.154711140461192,1,9.664374614910065,205,154,1,6.492109810441885,164,130,0.99
19.094873678224243,6,8.801004936541565,176,168,3,8.582086321316396,52,6,0.5880502468270783
17.976543539652464,9,9.01293086899916,124,43,2,8.316170038257795,34,115,0.402646543449958
17.306885298470213,7,11.872010382094617,156,119,3,5.796931528660171,151,141,0.681600519104731
1.6311518339436224,7,10.62017283075486,148,107,2,7.597387455676593,121,89,0.6350086415377432
6.2083875017015515,1,5.082028618974521,137,66,3,7.112377795891318,47,35,0.9801014309487259
14.674425105547543,5,5.5574988675168076,122,36,2,6.710187234641372,121,171,0.6338749433758404
14.031077062855852,0,9.025933479026332,166,127,2,7.449558819667114,124,195,0.99
1.0372916945804298,9,8.495725119998601,147,129,3,8.137105014837118,54,106,0.3307862559999301
9.335634534202663,5,8.368178544815258,141,103,2,6.930073691434324,61,77,0.7364089272407628
15.364450079530334,7,4.7716178431962275,199,149,2,8.65911384540543,47,194,0.24058089215981138
15.24516165793919,2,9.862848347005471,189,183,2,9.01241422676512,35,166,0.99
10.018444092324534,0,6.668857537655603,200,25,1,9.54293466496305,38,151,0.99
6.968146883656539,9,11.890683879759717,136,91,1,5.0961445081849135,141,130,0.5225341939879858
14.70941179151967,8,6.49000465069991,170,164,1,8.462346288974656,61,117,0.2845002325349954
18.270788383472162,8,10.434471111171494,176,166,3,8.640145951340148,124,128,0.4697235555585747
3.168688428614376,5,5.779024045898728,152,148,3,7.776405445524477,171,46,0.5849512022949364
9.049441075446424,5,6.431611037611604,174,76,3,6.2532840758423465,124,28,0.5735805518805801
19.220624527892284,0,7.152486406876748,194,111,3,7.396297965578237,150,144,0.99
9.037582826108197,5,6.819924071834132,202,90,2,7.4975806192485175,24,144,0.5369962035917065
15.625617162968874,5,7.043605440499877,140,1,2,9.45577409838606,67,100,0.6721802720249939
8.445578283857387,3,9.830962103843284,154,16,2,7.89481399365411,13,146,0.9835481051921644
18.73138485663608,4,8.113390977684698,135,92,1,8.156954607116722,33,176,0.835669548884235
12.497048738541201,6,6.96129727178309,201,16,1,9.639105755314006,54,174,0.44606486358915454
13.363091456518896,9,11.9205391337523,163,79,2,8.984665036306078,127,29,0.470026956687615
1.742482472812488,8,6.63823492795802,193,126,3,8.242669647980339,177,12,0.24591174639790092
10.085625734787168,1,10.393085645326792,206,137,1,9.96941234108479,2,112,0.99
9.164534334089474,1,10.3187834416736,197,9,3,8.479690637671444,110,3,0.99
9.482087289202326,0,9.94545966417146,176,91,3,7.575108994304005,84,177,0.99
3.8774616445404875,4,11.027658321917398,186,49,3,7.756243006511248,151,198,0.87938291609587
5.995969990411194,2,8.230876006585213,136,9,1,9.459991324710712,25,146,0.99
12.310545338232469,0,10.980005931543793,183,66,3,8.5525544898026,107,146,0.99
11.291931011004129,3,5.327660416837667,130,96,3,8.553656158152133,51,79,0.8063830208418836
3.354667765345809,1,9.057572584692497,216,114,2,8.441312422772565,75,114,0.99
17.490833424850535,8,6.002040766276359,217,192,1,7.133392018057473,112,24,0.16610203831381792
18.56649784310353,0,4.5584910104477245,188,30,3,7.126508139085384,165,127,0.9519245505223862
13.82111200871493,8,11.101388200981297,193,127,1,6.691607418550359,126,2,0.46906941004906477
10.764817309698143,6,7.748195704763057,175,175,1,6.513473508077897,8,31,0.5374097852381527
10.0524535066818,6,10.706303296011752,205,56,1,6.769908376001062,120,153,0.6253151648005876
19.042433089676845,1,7.440523661057489,152,85,3,5.952271278104596,113,34,0.99
3.4841456775131383,0,4.731728811574844,206,195,1,5.197558496796545,165,78,0.9245864405787422
16.499242932863485,1,10.469505219479029,198,115,1,9.548187201760467,177,141,0.99
6.214641876916848,3,5.163469661043639,187,143,2,9.120038298898866,24,169,0.6841734830521821
16.401466956090946,9,10.359852521941948,140,124,1,7.873020908852154,151,145,0.4379926260970973
13.41636336414483,8,4.082828699223012,144,35,3,9.36625121050533,13,167,0.21614143496115057
4.308610837216368,2,4.098252127844013,213,35,1,8.727912406036717,36,33,0.6789126063922006
1.7916004412668256,1,10.80430034411563,126,106,2,8.562405828386925,194,62,0.99
6.764321375857453,0,8.62692487595151,128,84,2,8.796478548402522,43,102,0.99
10.621163402554506,6,6.792022448796219,159,109,3,7.074200039133048,44,94,0.5216011224398109
3.899542432770922,1,6.8355315469304765,123,74,3,5.559675129359276,25,18,0.99
5.455157676798482,4,11.496262549610462,152,126,3,8.309539928483431,77,62,0.9708131274805232
16.31461336147958,4,11.535487861014005,129,108,2,6.902150509612575,108,110,0.99
12.899487398561746,4,4.17839176525855,130,81,3,5.605101034848373,37,114,0.6489195882629276
18.615118024127483,0,8.992126612508324,126,96,2,9.168089556463272,26,130,0.99
12.310417137958472,0,6.866813252336147,180,91,3,7.612326420805845,19,51,0.99
1.9187680155597415,4,7.032975995842643,159,25,1,9.768907531724592,85,109,0.7336487997921322
3.7824958582847388,0,11.207112519418645,140,27,3,6.617099432756395,11,57,0.99
2.482882782816806,7,11.123383955730361,159,57,1,5.52157196907346,82,102,0.638169197786518
18.47357718055276,6,11.787613168114813,132,6,1,6.777326381175254,158,135,0.8253806584057406
3.932464365235959,2,5.245772817481796,143,117,1,9.179319263818092,197,103,0.8762886408740898
4.117914973811344,6,10.671739849039533,136,61,2,5.834880188657192,149,37,0.7615869924519767
14.908188730465051,0,6.317611783871772,144,16,1,5.6765846951870635,34,32,0.99
9.772783119742073,9,5.657554289385236,184,100,3,9.480165653442576,159,1,0.11487771446926176
9.67263655617843,7,10.107965766712041,163,16,1,5.680303965257034,137,31,0.5793982883356021
9.945659691810777,2,6.381588587100297,143,29,1,7.817747479092594,198,47,0.9330794293550149
6.939550119690991,7,7.03307968312305,175,49,2,8.896157338558028,2,52,0.40165398415615255
16.989586380425262,1,4.160017668662447,170,22,1,6.737442225444768,54,54,0.8680008834331221
9.574427446344883,5,7.4137698676735795,120,65,2,8.427987080467606,161,71,0.730688493383679
1.6814646948580445,2,6.152084600518354,160,81,1,6.1507324152986556,72,77,0.8876042300259177
3.597406121078782,3,10.001331695153262,199,125,2,8.51951346550678,172,45,0.9020665847576633
3.2873077349135915,9,11.683272874653568,192,135,3,5.316871942441875,193,127,0.40016364373267843
1.1869811262284764,6,6.023377323114946,151,3,2,6.6800162976918624,115,81,0.49916886615574735
15.0623342368084,9,11.650084524933536,152,21,3,7.54128310270632,3,125,0.4785042262466768
8.896609208712901,8,10.879743198088626,205,64,3,5.794274749198811,60,133,0.43398715990443126
1.8621561474925914,1,8.705598731180693,121,101,2,5.268809203283469,188,127,0.99
10.210536810121418,9,11.765828067490695,138,87,3,8.343930695758619,10,133,0.5122914033745347
10.212219882848798,2,10.412097029424313,152,7,1,7.460443656316532,71,133,0.99
0.5913598029970297,7,8.64094666966156,203,92,3,9.558676834077428,58,178,0.426047333483078
2.31477143226989,9,8.643040712667888,171,39,2,5.695728971268817,84,50,0.29015203563339437
10.221304706380248,3,5.955022594724914,131,56,3,6.45963340786926,183,96,0.8357511297362459
18.616235301107857,0,7.564146660033869,129,123,2,5.2679180655826485,76,52,0.99
7.9462481483989835,9,11.914971705080934,130,41,3,5.363014450841254,186,175,0.5357485852540467
6.780765359180711,6,5.028575791228231,215,152,2,5.785574121334637,187,173,0.3214287895614116
12.062689894481558,6,8.91634720448524,170,3,1,7.261414968118327,132,98,0.605817360224262
4.900011266988323,6,5.231572703668912,159,150,3,5.173187636447099,57,109,0.4435786351834456
18.45872602795736,7,11.247810977273812,194,41,1,9.252437543567488,96,42,0.5743905488636906
6.6622388644662305,0,5.532874434841287,143,68,1,6.96753166243418,81,95,0.99
10.011769428702927,3,4.605239957949792,179,159,2,7.1234566090572375,82,72,0.6722619978974899
4.195893726467649,6,10.513150876500235,126,71,3,9.667448022407948,110,97,0.7736575438250117
12.47118533744655,6,8.264562103955793,136,55,1,8.777844535024446,117,106,0.6412281051977896
8.833065435976403,8,10.358530342919396,137,57,3,7.759916233057853,128,112,0.5439265171459697
0.4529783763745424,6,4.937142713108168,174,142,2,7.263244561787127,113,179,0.3988571356554083
14.19324515117896,3,6.9400718117540405,211,65,1,6.658021849034455,73,170,0.7250035905877024
12.267965669043429,7,6.640993428605496,135,122,3,9.642521350448579,129,197,0.46204967143027487
3.72187278675681,5,4.004991886140463,212,201,1,6.7777877904703425,179,81,0.37624959430702315
0.443393330158368,0,10.193253946458878,215,72,1,7.727392839139162,33,138,0.99
9.28214265482448,5,9.473461564707723,126,23,3,5.803866963337498,17,63,0.821673078235386
0.2559702246690445,8,9.253356720954539,206,150,3,6.4685082999698125,81,39,0.3506678360477269
2.334819896679113,4,8.804324667027782,166,78,3,5.632113410490628,116,84,0.8082162333513891
18.53548289430085,7,5.193622270891386,196,12,2,7.225669447870901,161,108,0.26768111354456936
8.692935063200231,7,8.891482387203537,200,15,3,7.405886935972381,34,126,0.4445741193601769
3.513457883894712,7,6.0056536105947425,159,1,1,6.197970090832003,68,133,0.3822826805297372
19.907968379578158,0,8.354293090691293,169,126,2,7.301597749995829,123,93,0.99
8.85672156092005,1,6.275614949566663,210,107,1,9.082698174137013,75,38,0.893780747478333
14.238979301900725,0,6.350586055388485,151,46,3,8.67747747464079,110,83,0.99
4.793607437125917,1,8.959251358564131,151,79,2,9.196100609038101,145,115,0.99
0.9633635210393973,5,4.184852439784015,217,64,3,7.505135229918571,17,117,0.3752426219892007
19.22233481006827,7,11.6419084628757,198,39,2,8.732999220792705,126,124,0.586095423143785
3.2807437857297788,0,9.092272730190288,172,37,3,5.629007677783215,121,33,0.99
3.157788170037503,1,10.349245761018281,121,63,2,5.267456298300212,36,51,0.99
19.407898031382913,2,7.776287172532535,153,56,1,8.467258535959814,144,103,0.9828143586266267
14.146061375959357,2,9.262189886427585,197,132,2,7.930736646825865,52,193,0.9691094943213793
3.8419292512884358,2,9.859090123845583,191,123,3,6.5043587660768685,192,35,0.99
6.338000890448177,1,11.212595433148508,158,25,1,8.279201012129924,125,144,0.99
2.5845459142852767,9,10.935862622735488,184,69,2,7.0548107335172014,115,176,0.3787931311367744
12.6697934311916,1,11.73532791709464,164,71,1,9.595271646919844,131,35,0.99
11.136310410813783,3,7.953331330274577,167,134,3,7.169425194023739,161,25,0.8636665665137289
0.8827071556711202,1,6.308805504743471,189,134,1,5.341176835551825,56,35,0.9374402752371734
5.22334102026545,8,11.139932838280162,169,159,1,9.517962830910616,112,69,0.518996641914008
3.1499954010111324,1,5.153828534187425,121,48,3,7.9556556688963855,121,18,0.99
14.431084263183088,5,11.029778447393088,189,139,2,5.401654515563249,28,190,0.7734889223696545
2.0872020456078713,3,10.879230721660782,150,16,2,6.565194623695867,59,93,0.99
8.74091014312828,3,8.202771296407683,177,43,1,7.5851871724774105,179,74,0.8561385648203844
1.9307857378064481,6,9.951185086365346,178,93,3,9.437213830743804,189,31,0.6415592543182673
8.955388429154725,0,6.963144025208233,197,133,2,5.291405267931967,71,15,0.99
10.640156850897748,0,5.784199053610118,132,123,1,6.517120526611,173,78,0.99
3.5379056118829064,1,5.5898351633913,210,114,3,7.838355774480831,76,114,0.8594917581695649
6.086588828864605,7,8.059433431965974,131,35,3,7.173969980517207,90,64,0.5409716715982987
17.04173614135907,0,5.150803417284457,184,26,2,7.297435037200103,25,50,0.9895401708642227
16.41287615117876,7,10.527409182820417,210,107,1,9.025927691781753,127,38,0.506370459141021
5.869494629052472,6,9.68652285580109,182,8,1,8.241254101004055,183,168,0.6203261427900546
0.6211223510848067,7,4.22776340119943,154,111,2,7.000388912146949,89,166,0.3033881700599715
7.3411054080649,4,10.728363622626796,210,98,3,6.2737650378589525,29,120,0.81641818113134
0.9771001506196129,4,8.215343453292501,127,91,1,5.421878713734085,138,29,0.8567671726646251
17.139754030022587,8,7.0720924138500765,165,15,3,7.926521262390594,145,169,0.3236046206925038
15.992891349847108,6,7.149397414658727,204,61,2,6.186136163269098,72,163,0.4494698707329363
4.834882716275039,3,6.371173079633921,192,129,2,8.736309164321568,94,111,0.7345586539816963
17.872678196794404,1,9.519506395932918,154,27,1,9.7493592038939,136,131,0.99
5.507516591390962,2,10.90725517715259,121,105,1,5.89693559485221,139,107,0.99
10.860833194403401,2,4.459376227838529,163,91,3,5.142503435068706,159,62,0.7969688113919264
12.495078580683387,0,9.417267439909146,139,82,2,5.088505407473503,142,184,0.99
15.938933618906521,1,4.673867301086604,179,76,2,6.030793452524877,82,27,0.87569336505433
18.98360645213745,8,10.90973767873945,167,111,2,6.181877936613886,136,37,0.5114868839369724
15.1507355160988,5,11.029612070672165,179,21,2,5.004959860299481,101,133,0.7934806035336083
19.675459596585153,8,10.15575345577518,169,79,3,8.220168870371431,76,17,0.46978767278875894
6.742487892699838,2,4.113032528972993,126,124,1,7.850016613111383,131,47,0.8536516264486498
1.632110061404889,2,8.587807789746728,214,193,2,8.740995467015056,27,30,0.9013903894873365
16.490687953680517,4,11.755120854867066,192,160,1,6.89319933830065,143,19,0.9037560427433534
6.231476367351148,8,9.683323969494445,209,72,3,5.3662686673824584,70,191,0.36616619847472226
1.821431616569988,7,8.19525854939695,133,125,1,9.714952553617266,196,40,0.5437629274698476
14.662840558778543,8,6.64112719837802,177,148,2,9.553067486649985,124,62,0.278056359918901
16.39649118302079,0,9.347374339538181,120,118,2,8.924783134576188,45,40,0.99
6.739499222342096,6,8.105034161184577,164,1,2,9.01820136709037,62,180,0.5772517080592288
3.877719851835379,8,5.504478031595399,122,106,2,8.601094651840313,173,133,0.3312239015797699
4.188219924174431,8,10.528092694110175,194,124,1,8.991101716733388,60,187,0.4384046347055087
1.7484433544817781,5,6.587040303566281,197,172,2,7.4673042647597025,46,177,0.535352015178314
7.6667708859181465,8,5.90851484128311,143,24,3,6.991574267508883,30,43,0.3094257420641554
17.9925346085786,5,7.455768570273871,120,113,1,8.486908647714596,195,153,0.7327884285136935
15.737222405178686,7,5.522390734622004,127,13,1,8.93470205672461,146,124,0.42211953673110025
5.126541526522488,3,4.3162426642961425,204,19,1,5.83091383954021,59,74,0.6078121332148073
10.78714220337973,8,9.37407596055298,195,128,3,8.047937807948001,127,63,0.378703798027649
15.343391849838229,6,8.564666702395913,135,98,3,6.696076801436675,189,129,0.6582333351197956
11.943701318701411,4,9.716621141066938,201,37,2,7.156095957813559,95,186,0.783831057053347
3.3072650334675147,8,10.243432819193586,217,201,2,8.387120258266453,153,18,0.3781716409596793
0.823681595663897,7,4.89679405163147,176,65,1,6.2226458378990985,127,161,0.29283970258157355
1.231096041610964,1,9.909869018700835,179,48,3,5.457353675390291,183,71,0.99
0.5189617727262563,2,6.672122878074048,217,125,3,5.0517908637528945,174,144,0.7996061439037025
9.02234052513225,3,10.650381814865169,196,106,1,9.625017061456823,103,112,0.9405190907432587
4.143651822988875,4,9.537818305657037,189,82,3,8.529248707238079,16,158,0.7988909152828519
4.07969053118673,3,8.099093278587507,203,34,1,7.1628111512755135,31,51,0.7989546639293755
13.183180176416553,1,8.151366097845061,188,86,1,8.82475486211272,78,143,0.99
7.961877814598727,1,6.4507282694865955,133,38,3,9.740588262191777,141,9,0.99
9.249991381024545,0,9.987136467171904,191,45,1,6.629949444350363,171,136,0.99
7.457962023047899,9,7.455490806144705,147,27,2,8.528531813645074,32,46,0.2787745403072352
0.8054141056004683,7,9.354109132062973,179,80,2,6.417838294538547,98,186,0.5097054566031487
18.639741039951254,1,5.853011528659435,135,120,1,9.435179708888015,130,140,0.99
11.18391142331423,6,11.721077525303695,152,79,1,9.705877827096078,120,163,0.7820538762651847
1.9845845848994295,4,5.3180865378513635,195,146,1,9.565140463189294,126,30,0.5759043268925682
9.178904238963087,9,7.442722454694901,211,125,3,5.066390853907893,167,154,0.15013612273474503
7.8744456455635365,1,8.021710151756047,201,1,2,8.830685847958987,138,36,0.99
4.049860133303463,2,7.815272137208856,140,8,1,8.554206611997799,4,39,0.99
12.831906715443763,3,4.096355518749941,191,6,1,6.94202928387886,101,197,0.6228177759374972
12.694681578935587,5,10.434947121453249,188,88,2,5.420451222947438,64,25,0.7457473560726625
12.208038386224723,9,10.518562083684401,185,164,3,6.7708946919844895,186,180,0.35592810418422005
6.89709246584972,9,11.051214040774806,205,204,3,9.99112058117089,51,27,0.34256070203874023
5.519067919026101,9,5.796592326937447,165,71,1,8.032892840778201,140,127,0.15982961634687232
12.278808575697953,2,8.106299711109283,170,35,3,9.877382688694762,145,96,0.9653149855554641
19.528068517254184,2,4.740897746192016,178,110,2,9.448166183418879,122,33,0.7810448873096009
11.707646429327246,8,8.428518266794597,216,138,2,8.928271698216019,170,96,0.28942591333972983
7.02471210441825,5,8.056404165605606,184,179,3,6.941998852750757,55,91,0.6348202082802804
4.648020989857943,7,10.620494844601279,161,40,2,9.868517942561505,182,125,0.6090247422300639
2.410122310557481,5,8.271926495090575,131,13,2,9.236298438235877,10,36,0.7515963247545288
3.591681562437828,7,8.444759636682203,158,111,1,7.71625176982743,96,38,0.5062379818341103
2.4091304804296714,7,6.657104668915895,185,59,2,9.969355559289934,32,168,0.36285523344579473
10.136533039899358,4,8.298584345308107,150,97,2,8.416398896780102,128,155,0.8149292172654055
14.07621178433851,8,9.819680722667663,209,106,3,7.258561106700616,108,95,0.3729840361333831
0.771001190718698,7,9.280949717399693,212,212,2,9.40853839282849,160,44,0.4400474858699847
7.24273087740203,9,9.427785772196966,161,77,1,8.362276617559804,164,134,0.34938928860984825
18.484785699260854,5,7.559736044679487,203,121,1,6.265283723646002,1,47,0.5719868022339744
15.955554668950453,9,8.23507402530849,179,160,3,5.689669695373975,187,97,0.2537537012654245
2.6478165005442262,7,10.472863202371652,125,106,2,6.524185131491375,14,88,0.6736431601185826
6.043143971447391,5,11.646703422386445,133,119,3,7.361197687504669,130,187,0.9163351711193222
11.75057109454378,3,4.341682554276028,172,11,3,7.727188612248677,57,1,0.6730841277138015
18.52656891117495,8,8.47731608023237,138,120,1,6.402325845178004,61,69,0.44786580401161846
4.296207805466128,9,9.276526457273912,173,52,2,8.500769705054537,169,61,0.31782632286369555
4.724339257706409,0,11.521199696215167,120,102,3,9.121159654193686,84,144,0.99
15.51623073205867,4,8.306154689057617,205,67,1,5.245375260301168,141,92,0.705307734452881
16.55392005955118,5,9.203994615308137,123,85,2,6.893493746857337,70,82,0.8141997307654067
0.38199139572166063,2,10.048472080789859,134,28,3,6.054878555467344,55,71,0.99
15.163461535158557,7,6.302613227011641,218,61,3,6.693320366684212,36,65,0.2791306613505821
6.995821563269484,2,7.874787456200446,197,154,3,5.936345764534988,160,195,0.8997393728100224
8.89209687429658,0,6.598620047271562,197,172,1,6.731987704609248,165,78,0.99
16.04755484777978,1,4.124895743605017,153,123,1,6.6066489890773035,36,173,0.9002447871802506
15.138320826981749,0,6.162734840553706,172,86,2,6.271680884355105,170,68,0.99
7.4161841050456365,8,7.459114091909591,142,127,1,9.225408168660348,142,57,0.38895570459547946
13.606442673182931,7,4.565210055018039,128,113,2,5.661852457487376,115,94,0.37226050275090194
0.6492307718800957,1,7.398375937997062,176,65,3,8.018857786288521,182,31,0.99
3.929084064251467,7,6.009321529671361,207,147,3,6.996638158048976,8,91,0.28646607648356803
15.372682400248905,3,5.936258443715602,174,132,3,9.900719343380239,84,166,0.7488129221857802
1.6335990288564777,3,8.227805249651531,211,205,1,6.1004317805724675,191,92,0.7893902624825768
12.972019593747463,5,9.727408468315044,135,88,2,5.79713142969728,39,196,0.8163704234157523
4.594461220811637,8,7.8763429921581,177,140,2,6.408593769147336,74,132,0.339817149607905
13.185870274210107,1,6.6242261595632765,133,56,1,9.576997576889745,3,69,0.99
15.953434213598117,0,10.586319325613399,123,38,1,8.874456679586476,106,118,0.99
16.484984917541798,2,5.686146559034126,132,119,3,7.345136131480586,6,140,0.9203073279517062
16.24820808917213,9,6.799898169795925,128,126,3,7.118019932562058,146,87,0.28399490848979625
19.280952863260037,6,5.52343851313873,206,106,1,8.386916700016616,60,157,0.36417192565693646
14.046571298158204,1,7.269531897608728,124,100,3,6.503371089238473,42,137,0.99
12.1464372520653,9,11.534894725296907,218,61,1,5.465037826858312,128,198,0.3407447362648453
19.18878643184386,3,11.886888238469524,180,93,3,5.68345571737196,3,186,0.99
4.719551423151449,2,9.84122650895086,184,21,2,9.295513531505605,132,107,0.99
4.293063656927183,0,4.093906957262108,142,37,2,9.66952461366984,91,115,0.99
7.799335580778586,2,11.895878452959124,149,12,2,5.088309853026815,117,74,0.99
8.230552591781326,6,8.376581484257567,174,86,3,5.284303569161921,197,61,0.5708290742128783
17.80691662570283,3,6.82715396383963,205,172,2,6.9024567610793905,156,54,0.7313576981919817
13.539884747033058,6,9.81923735787021,149,9,1,8.258186769102188,153,199,0.6929618678935106
17.377355362310794,4,8.949669349179107,196,44,3,7.836568810709312,128,147,0.7554834674589553
5.643390548997291,9,11.13735589575937,142,51,1,9.428872489681194,177,184,0.4728677947879685
10.26062804513702,7,6.331205533308248,213,34,3,9.87754385445611,59,164,0.29056027666541245
5.132900703770667,1,4.180263822476987,211,41,3,7.471462903635193,81,139,0.7870131911238494
14.10741440649042,1,4.1364269699132,206,38,1,6.097780658143839,147,82,0.7948213484956598
8.480689077854548,1,5.047127276501791,206,106,2,6.710740286497178,69,44,0.8403563638250894
4.22040924795172,4,6.01087326308992,213,48,3,7.135990753411621,102,192,0.5745436631544962
18.506279905867373,6,10.538176922887239,129,110,1,5.859641358849681,175,36,0.7689088461443618
4.080298045051095,7,7.712966817648654,146,59,2,7.400068616547372,171,153,0.49364834088243276
6.316393094944922,6,6.051849962144456,197,31,1,9.02246031024691,138,10,0.40859249810722276
7.978780323864718,3,8.775231002190274,157,154,2,6.671836566628375,109,124,0.9247615501095139
0.5973836060123939,7,9.878312276941665,190,59,2,9.824818460050674,119,69,0.5139156138470833
15.757292460932657,8,11.274070526929862,204,24,2,8.768174030660006,96,30,0.455703526346493
1.1079218791512115,1,9.284856234191318,205,114,1,5.469501168246852,179,121,0.99
11.424763939804363,3,4.824166302454105,192,146,1,9.278932324747611,176,22,0.6572083151227054
17.458197617483307,7,10.630169407014314,173,33,3,6.963642428660021,165,64,0.5855084703507156
12.299811455658743,1,9.923499452840506,218,182,2,9.742768207464191,51,159,0.99
12.682408812566788,2,7.656933892407002,120,106,2,9.13661830050971,145,40,0.99
1.9307525392578033,4,11.792132524007467,150,93,2,9.084741168594334,138,183,0.9896066262003733
1.8786272211307142,7,11.059863715834023,136,16,1,7.933483400665063,27,128,0.6809931857917012
1.1958819370029758,0,4.064491541305827,201,80,2,8.138896742431902,187,103,0.9012245770652912
5.826926414482493,5,8.925849838665053,197,158,1,8.563228196170652,148,167,0.6522924919332526
13.065917805885194,2,4.563729483316896,122,23,1,9.164952494009484,139,182,0.8841864741658447
12.029876606332119,4,10.637024273640979,189,16,3,9.232446515258031,18,50,0.853851213682049
8.169658336677957,6,11.615853685884492,142,65,3,7.476756788683074,138,150,0.7967926842942246
11.625496207231517,4,11.981186158743506,169,150,3,7.021660580487632,78,13,0.9610593079371754
3.8744557980747505,8,8.703944914956981,154,50,1,9.774469489663469,136,22,0.42719724574784906
13.602226039896628,3,9.627155898601753,152,83,3,6.275839738560674,150,118,0.9773577949300878
14.351600083834873,5,10.812945516441538,202,62,3,8.286946076227792,156,105,0.7366472758220769
12.641373275063593,4,8.5874144605909,173,167,1,6.403369462961805,68,144,0.783370723029545
14.69238118978759,8,8.67869379401839,149,5,1,5.7459732180951475,124,153,0.4359346897009195
9.614461661511404,7,11.582141538794346,189,78,1,9.495900211126337,125,55,0.6011070769397173
11.178827575138795,1,11.728418109106919,131,53,2,8.1392365706982,52,80,0.99
9.925090448433748,0,8.807382658547665,187,108,1,9.316940273559034,33,23,0.99
17.72600955201834,3,9.743901258348346,186,0,1,8.62296531663189,90,143,0.9151950629174176
15.949051084463337,1,8.725171603667818,210,166,3,8.867676422438361,142,40,0.99
0.25747346908195545,4,9.18163943827231,180,92,2,5.247458107271934,197,84,0.7990819719136156
6.240097704465579,2,4.8639870109616945,164,146,3,9.30792325602416,33,35,0.8151993505480848
5.487199008346295,2,4.717780299631287,186,55,2,7.319330216167499,27,135,0.7638890149815644
14.301662901916762,3,4.463372626935879,220,101,3,8.997575775128109,95,101,0.5831686313467941
17.586124000814998,0,11.45028711032695,162,74,1,7.959880417959344,161,28,0.99
0.1569019187953322,9,5.312040060552909,201,89,1,9.367046636120715,120,109,0.0636020030276454
18.638579274755916,8,6.8136307178087865,183,58,1,9.488449920615116,173,17,0.2746815358904393
19.65623843576428,2,7.659887478911609,201,135,2,8.663886842630278,27,110,0.8809943739455804
1.9164237518386378,3,5.622899606851086,209,42,3,7.181249262735728,180,142,0.6631449803425546
8.470604851439008,4,9.91475700643792,121,75,1,6.450317532880596,37,33,0.9537378503218961
6.171626077790949,8,6.157303055153723,181,20,1,8.304813750459555,124,44,0.24586515275768617
14.514209406345497,2,8.22503770470577,162,29,1,7.05851831094451,72,89,0.9872518852352885
13.034316691827089,2,9.765670571871535,187,57,2,9.749795003499578,142,20,0.99
7.964387229398509,6,9.013344752525017,156,94,3,8.826008599530663,73,184,0.6386672376262508
14.614809770962939,9,6.479477625932814,210,171,2,6.736231008755142,48,32,0.1039738812966407
14.969681101998013,8,11.302728969376235,171,92,2,6.203545277723945,0,145,0.5231364484688117
11.167863427185667,6,7.2208419939679365,173,73,1,6.095987427075169,80,137,0.5150420996983969
0.3309130284615275,6,6.766002896979487,219,28,1,7.753967260384048,49,108,0.4003001448489744
10.192716683967111,9,7.110473220754178,167,25,1,5.501908108678749,38,52,0.22152366103770887
3.8950331520144394,3,6.205289920178451,161,66,3,9.985510392698497,76,27,0.7882644960089227
19.238972944360757,7,9.869330466251535,166,54,1,8.60773159693009,142,80,0.5614665233125768
5.198219838539667,4,5.837295775864927,200,9,3,7.6382481535519355,188,132,0.5918647887932464
3.0894412103317985,2,8.258876731941937,200,25,3,9.297753659737076,199,102,0.9129438365970969
4.402572215573017,8,10.106417425898847,193,157,2,6.958988968692466,10,116,0.41932087129494233
14.75402487873543,9,8.922137276303424,165,88,2,9.9374372024364,49,33,0.3161068638151711
1.5966267110726835,4,8.141139969228902,206,13,3,6.303741793870097,1,94,0.6950569984614451
10.070291039969598,6,5.149729292488371,192,191,1,7.509666838411037,152,195,0.3734864646244186
12.90375890813928,0,8.069037470482037,158,107,3,7.471914552544426,61,152,0.99
6.892993865730628,2,8.321874857889004,130,27,1,8.962213078188327,172,137,0.99
5.282043247476084,4,9.402326886341044,220,177,3,7.789111513164947,1,156,0.7301163443170524
6.462795860736271,6,6.868049756274046,167,158,3,8.302806971917,198,46,0.5094024878137022
18.250198326072315,9,6.081754287491499,176,31,1,8.022774011351963,97,88,0.1520877143745749
18.98462903962354,3,6.069475336642837,203,128,2,9.66683952607726,137,5,0.6974737668321419
10.874040949649421,8,11.445759441786198,206,58,1,8.759152641477423,96,44,0.4602879720893098
13.932434867996262,2,11.563259405297547,166,15,3,7.3427098047157635,160,95,0.99
3.9208895471558654,7,11.776516575678485,183,138,2,9.677107501567697,44,27,0.6228258287839243
5.329768949927056,4,10.294243680680902,171,129,3,8.26625347479646,198,2,0.872712184034045
7.091942089974741,3,6.602894856772511,176,171,2,8.175976931172587,154,54,0.7781447428386258
3.27939119907522,5,5.827488659683405,219,65,1,8.268933127611886,107,73,0.4533744329841702
17.312756991498567,8,11.07255938199344,201,109,1,8.326072005212568,123,114,0.45162796909967196
4.853909107845034,5,7.811643964398523,146,6,2,7.568588477104383,26,108,0.6985821982199261
19.067873044427383,7,6.452777083196733,173,54,2,7.038704367675453,56,164,0.3766388541598367
7.926082652070886,0,6.220414760104868,190,114,2,9.647915037170225,67,3,0.99
16.65669625668683,7,9.013646535045726,193,23,2,5.763473683116004,105,10,0.4646823267522864
8.406992931910777,5,8.391331040815285,218,173,1,7.8187307760357125,167,153,0.5835665520407642
5.0521366124373115,2,8.219502298085974,142,25,1,5.510594113474993,61,25,0.99
14.914618745654733,2,7.1894101947221785,180,63,3,8.79305301252915,175,194,0.899470509736109
11.811259161156308,3,10.208612885650899,135,114,2,6.9263845174852605,42,83,0.99
12.380878739001417,0,6.709792490262665,144,140,2,5.426025654298263,147,91,0.99
10.168811749789269,0,4.402251296346418,216,61,1,5.576885642739356,148,188,0.8881125648173209
2.9761545115760235,0,11.972874543951177,187,62,1,9.606654106991812,39,23,0.99
2.89197881559537,4,7.687561017100246,179,53,1,6.088111440357031,42,80,0.7263780508550125
19.610654363824345,9,4.0816638193354695,209,108,1,9.265203307455668,175,52,0.01
8.745765817526856,1,9.767004388853461,212,137,1,8.008815544235972,93,60,0.99
9.415437229943242,0,8.91590139922037,204,97,1,5.307892438365877,19,52,0.99
16.706881562243204,7,6.867862020387554,188,172,1,7.209971693258321,23,86,0.3673931010193777
13.584715588815975,1,6.364445284412725,214,154,3,6.5419389576929206,32,158,0.8902222642206363
5.224191266411943,5,8.639131929878916,168,104,1,5.016874288769939,77,76,0.6959565964939458
9.999379853477732,3,5.916066522077668,156,102,1,8.202394148878607,76,197,0.7838033261038835
15.822918788468145,8,11.99571982983559,140,110,1,6.997243153069217,130,96,0.6197859914917794
15.590705044926745,7,10.778443348377388,209,172,3,8.373214255596542,73,53,0.5209221674188695
19.736079743504288,9,11.04602088052674,125,82,2,7.974178932806959,71,72,0.502301044026337
13.926822642088585,6,9.150258306354228,184,54,3,5.72653746620958,118,114,0.5895129153177114
3.8312736987319145,6,9.228431256868163,164,36,1,8.991249123441607,121,27,0.6334215628434081
0.6909435800568758,1,6.728716386503223,127,8,1,5.424526672761651,17,148,0.99
13.38373086497123,1,9.597001758691338,197,114,1,5.483039841220203,126,31,0.99
16.570577356563945,0,9.838803143325784,200,199,3,8.485468068924032,83,30,0.99
19.084550660834818,2,7.424085552614438,132,95,3,6.057597832020788,182,19,0.99
9.65442482167768,1,6.169603713370747,141,4,1,9.431727551762515,5,18,0.99
1.6459262684691602,5,4.01051867440346,208,38,3,6.387869510014364,36,125,0.38452593372017296
12.860136764707434,6,8.797081030501438,170,40,2,7.345743956999087,62,34,0.5998540515250719
4.784962559909473,2,8.014538149307068,169,32,1,6.710847892984685,131,72,0.9627269074653533
16.628158669227446,1,10.759194548764075,124,68,2,5.804839572605894,4,61,0.99
18.86701669992404,2,6.63616695769633,190,0,1,7.733987465373787,86,198,0.8518083478848165
13.444273500840074,2,7.992824342453579,191,105,1,7.112387657522231,193,148,0.917641217122679
4.274685240623606,3,8.018404834818973,185,159,2,9.297363368640898,49,95,0.8309202417409488
14.094124511090417,3,10.668512428294733,159,126,1,6.673550359141508,119,147,0.99
15.907666391040815,6,4.907062845476927,132,79,2,8.514227135567046,71,166,0.4813531422738464
14.139998347609342,6,6.901543488402272,196,49,2,9.91678404083897,122,177,0.45307717442011364
8.381630494560195,7,9.2185050667184,162,89,3,5.861702324608465,48,86,0.5369252533359201
6.881343600341411,0,8.625292209494175,159,86,1,7.772675442822081,29,139,0.99
1.5162082943940325,8,11.687539359456032,173,160,3,7.4048356984684105,155,139,0.5383769679728014
2.7232626357340153,1,11.988013314582126,146,12,3,8.487908326502131,25,54,0.99
15.924832381584602,4,6.151065823818975,156,148,1,9.961343284422414,59,62,0.6955532911909488
2.9665504173232695,1,9.657353576667791,158,140,2,9.08204281267427,187,120,0.99
17.358501104496735,5,6.8809738539261724,182,44,1,5.000548264575478,75,105,0.5800486926963087
0.29002134007676594,3,7.682869048538229,218,178,3,5.809348204380499,146,81,0.7481434524269117
2.89778299905094,6,7.652336095816993,164,118,1,6.547695129560341,3,23,0.5546168047908497
9.838822440068004,4,9.911062251477869,189,96,1,9.405927554073669,187,71,0.8175531125738936
16.57221263146307,5,4.201134339970812,181,81,2,5.395510404113817,96,39,0.44805671699854066
2.9798563262429996,8,11.20665101551785,180,7,1,5.842868549946435,194,137,0.5003325507758924
9.409550738289651,9,9.674768652056263,164,81,2,8.115020550097157,39,84,0.3557384326028132
16.26718982648057,2,4.294453428795775,190,67,2,5.601635377901307,198,175,0.7347226714397886
18.53179914906969,4,4.0694673875342025,208,197,2,8.282643540704436,147,48,0.48747336937671015
1.9978889989531892,4,5.472475315962397,220,141,2,6.88525817974033,145,184,0.53362376579812
12.675410889307672,2,7.450456410052245,145,101,3,6.96137719804136,80,58,0.9825228205026122
3.9099570514398208,1,8.789289033492645,138,126,2,7.263821782398823,111,139,0.99
15.196880101643474,9,8.471087490151984,120,118,3,8.02602434403152,169,173,0.3835543745075992
19.818219450068842,0,9.152030095504003,156,142,2,7.857069132773177,25,58,0.99
12.213717322338052,6,6.190920193517234,180,131,3,8.002012417650722,138,26,0.4495460096758618
18.35643407353107,4,6.840643815491354,153,136,1,6.020973569554737,97,156,0.7360321907745677
14.24185878935244,7,5.3018982606189216,195,100,3,5.430830718648111,133,149,0.27509491303094613
15.77396252381832,8,4.290839519612727,215,22,3,6.497653345201874,85,132,0.08454197598063634
18.05623387464277,2,7.169767581978429,148,116,1,5.958444397100283,1,104,0.9624883790989214
5.41599900594447,2,6.788545799671768,136,114,1,9.330172992954354,54,3,0.9674272899835885
18.587762977556636,8,9.879041281530471,134,81,3,9.851933133491304,122,1,0.5259520640765235
3.1840535100569536,7,10.401721496874885,204,4,3,9.651220150903963,136,84,0.5120860748437442
18.3042266822309,4,5.780766438222636,122,114,1,7.073660267176546,59,47,0.7450383219111318
0.5729361382527753,6,11.897108995366569,122,19,2,9.481572482836995,197,41,0.8508554497683285
0.9204276698544063,4,7.278463833713515,172,115,1,9.585363438009246,102,116,0.7199231916856756
16.914099590488394,6,5.827146270719588,150,10,3,6.820186983580754,122,73,0.4913573135359794
13.30873195222426,5,4.870608064664745,133,72,1,5.110600793390983,80,156,0.5775304032332372
1.7176839980018233,2,7.254239840600285,124,94,3,6.137201017400698,21,41,0.99
14.09525333649701,0,6.034935285358113,217,103,1,8.025711900546938,151,1,0.9677467642679056
13.876853734938742,2,10.332612033229967,125,3,2,6.242717974398181,103,77,0.99
16.157264672881503,0,8.083504752314692,157,7,3,5.603322470571429,150,146,0.99
13.269034004961522,1,8.94161569040029,219,140,2,8.800364061409532,38,167,0.99
13.987259309205669,5,5.618991604138589,144,114,3,7.68720957571443,176,104,0.5929495802069294
2.4323034337204623,5,10.508030209020358,189,89,1,8.397080975011532,33,89,0.747401510451018
13.428172377678493,6,6.786958219569351,214,13,1,6.265387902596288,114,175,0.4113479109784676
8.908396944530704,2,8.161821343344144,183,165,2,8.671464511299032,82,91,0.9420910671672073
3.3847246346419015,6,6.908176755673607,157,46,2,7.930982513504935,169,139,0.5314088377836803
5.5219825485686975,2,7.544752667814592,127,105,1,9.032864324377648,132,33,0.99
18.081646892630204,3,6.136629048045422,161,54,1,8.284619870439169,61,179,0.7848314524022713
17.809725442001273,8,11.336035264933313,139,133,3,6.319189238259357,131,126,0.5888017632466656
19.764669966462307,0,10.865043711346678,128,128,2,7.34598078160196,123,35,0.99
0.9367645541380418,4,9.673162135700968,128,23,1,9.211057531226041,129,48,0.9276581067850485
9.882910097199403,0,6.238885093985826,191,131,2,7.81003424853791,34,163,0.99
9.972409319909174,6,4.0574603784303696,194,10,1,7.370820906124727,136,194,0.3148730189215184
7.397243691470447,0,11.710780237768038,173,171,1,6.348769690096741,82,150,0.99
13.99295020083653,6,9.561481362866788,127,43,1,9.27331930948172,151,105,0.7240740681433394
15.21515133255374,2,7.321012538922423,141,108,3,7.720437777280617,53,183,0.9840506269461211
14.398497578715569,5,5.114738273589379,200,29,1,8.73979660318047,102,48,0.4557369136794689
16.665955406076858,1,6.83368954931768,215,116,3,9.269378225015476,114,184,0.9116844774658839
4.820731566549039,5,10.85689903511973,137,40,2,6.708332960486285,118,106,0.8688449517559864
16.347256882886146,3,10.985386814054806,145,53,3,9.895554705815051,172,88,0.99
6.087970002893499,2,8.750750795602935,130,61,2,5.679819588528395,81,188,0.99
13.872810255883737,7,8.156197574678696,192,76,2,6.24169402536336,28,160,0.42380987873393483
19.82721535204982,4,10.202979491476176,141,35,3,6.902484240592095,132,0,0.928148974573809
13.93168957110991,7,8.565191941866573,142,53,3,5.390973907873074,158,138,0.5442595970933286
18.647130845815795,2,6.685594586258401,172,113,2,5.2715450283566785,18,129,0.8902797293129201
8.002014707282628,1,11.058416354165336,170,132,3,7.736222598843282,182,119,0.99
14.12636754083084,6,6.5315214284689755,219,135,2,7.308718084276916,126,65,0.3885760714234488
16.271183379878913,2,4.644111593887914,154,80,2,8.568567864780885,162,94,0.8242055796943957
12.383654295521,7,4.058317317353039,182,137,2,6.357900975060035,187,57,0.238915865867652
11.257688375967541,0,4.4020217695880675,182,92,2,6.25953613779746,93,148,0.9561010884794033
1.400297159571171,8,11.43185490660845,149,27,1,8.003881134513533,46,170,0.5735927453304224
6.62625100942551,4,7.498470660056924,188,146,1,9.944481139776208,159,170,0.6989235330028464
12.249038134671089,2,10.73553746134131,121,45,3,6.545167955538952,177,112,0.99
4.6651496283386145,9,11.536899924845105,186,96,2,7.933965443166812,179,22,0.40484499624225523
17.249731597331895,9,6.762321689465799,215,9,2,7.41638060142692,97,28,0.10811608447328996
17.799678897824023,1,8.093310721695847,178,161,3,9.471932262149718,11,113,0.99
11.421447137229343,3,9.422913606991765,126,3,2,7.0488570207590975,26,186,0.99
8.514005202913346,4,8.62972694181467,186,80,2,7.257458052475245,37,126,0.7594863470907337
5.404940545812395,5,5.278038751349896,197,136,3,7.35315234512099,97,12,0.46990193756749477
5.88986748625177,7,10.47041231381538,214,124,2,5.203296692319109,142,151,0.49552061569076905
13.178500185350865,6,5.133372406729965,189,177,1,6.197138084410467,26,153,0.3786686203364983
10.67562281934247,6,8.778508135071082,212,200,1,9.904569673145257,119,33,0.514925406753554
16.288002329396047,3,7.438248331732763,196,111,1,7.09389315271038,192,159,0.7799124165866383
19.48833854776114,8,6.0136131758167,154,112,2,5.108380967897957,2,100,0.292680658790835
9.38838272963542,9,9.992012621732334,144,23,3,6.84548484620186,170,148,0.4116006310866167
12.584257049246736,5,11.144322433611308,195,132,1,6.279949802067948,135,32,0.7672161216805654
0.25209517397901493,1,9.420584970678018,133,103,2,5.3184041382908545,140,170,0.99
12.661130749703936,2,9.838557380237965,164,143,1,8.134841981306565,122,197,0.99
12.322233083341178,6,8.01163946538384,150,129,2,5.189360724704865,105,160,0.6005819732691922
18.841030284962027,3,11.914544224283118,123,67,3,9.0461873210864,112,131,0.99
13.872089073072667,7,9.665219367982806,159,21,2,6.430833817814242,100,160,0.5652609683991403
0.18767475574886613,6,6.3735719437041265,162,128,3,7.718663543925215,35,190,0.4946785971852063
4.162213292078198,4,4.19085057344581,202,117,2,9.792301174144228,18,85,0.5055425286722905
12.5991153156662,6,8.74207848372729,207,10,2,9.392097629098604,197,175,0.5231039241863645
4.661975575571465,7,6.341073613169394,203,3,3,6.086793479487621,19,105,0.3110536806584697
5.3201690406627815,3,10.47988225244242,128,104,3,9.562146998798628,7,122,0.99
1.1385783038204782,7,10.916400716045525,126,19,1,6.286105320704381,164,169,0.6938200358022762
5.05853315951905,1,7.390002608705719,182,106,1,8.698145526141658,38,61,0.99
16.05994486727631,2,9.61730489204194,202,62,3,8.192369298366273,167,26,0.976865244602097
19.027830376393478,8,11.01906293116804,123,105,2,7.975772472592779,180,138,0.6049531465584019
11.124933386438949,3,8.19370162871293,176,39,1,8.395986309505401,94,88,0.8576850814356466
12.12995893448197,0,8.343944542897788,209,172,2,9.52114099351302,98,17,0.99
14.926151024607913,5,7.776976263684302,210,34,1,6.282476455833954,138,25,0.5688488131842151
9.021148545168849,5,10.784007124285848,163,55,3,5.819944020513764,2,195,0.8132003562142924
8.734074257986846,9,10.250343962094345,183,165,1,6.013438370577472,170,164,0.34651719810471726
10.644188561538192,5,7.789527673034087,170,162,1,9.009119214514044,101,24,0.6494763836517043
18.268089702258482,1,4.046997126542241,216,160,1,6.441343035899731,63,155,0.7703498563271121
0.32409775356587406,3,9.4799598394602,137,128,2,7.332778766045894,51,124,0.99
11.477635487667797,4,7.124576834403078,178,143,1,7.8689799698034,34,100,0.700228841720154
15.322755590052125,2,5.658342931602106,157,61,3,7.05801376355041,162,115,0.8689171465801053
5.6944362951883045,7,11.677851617364574,187,33,1,8.140086198373464,106,100,0.6098925808682287
12.582995940346182,5,5.435951269160135,195,163,1,6.878897634040741,150,165,0.48179756345800673
13.720548354777803,7,6.837363757064026,150,29,2,7.602081285212305,106,34,0.4418681878532014
8.36504171366093,3,9.648739437444,151,54,1,6.363718830342949,65,84,0.9804369718722001
1.3336975919607386,9,10.502531934907452,138,26,2,5.958078197862908,15,172,0.4491265967453726
8.291662271377769,8,11.817528312201095,175,33,3,9.210957571670107,21,109,0.5408764156100547
2.921186419446532,8,6.166677094091607,187,175,3,9.382386958449786,90,165,0.23433385470458035
9.151019175730593,0,10.89073303911567,204,100,2,8.636584535271894,174,83,0.99
13.297015265371709,9,8.478940502469822,211,57,1,6.05862052440226,119,126,0.2019470251234911
0.2581785520073934,7,9.745696490039174,131,58,3,7.765448327258431,185,66,0.6252848245019588
19.86643900578091,8,11.071511808470333,141,107,2,7.999833264697393,176,91,0.5715755904235166
10.019057254566235,1,7.006678292871491,169,116,1,5.093673986573686,53,24,0.99
11.60430693334916,1,10.827077582010293,192,187,3,8.143805661259325,138,149,0.99
9.960930920650249,1,9.888792669094615,202,21,3,9.954624413973864,27,21,0.99
7.952754845290562,9,7.925715135270454,127,31,2,8.712696213618269,151,140,0.3422857567635227
2.2819390037543323,3,10.064599321631826,209,168,3,5.690708453359507,183,33,0.8852299660815917
13.36854092596809,6,4.745575217840816,198,114,2,8.668088171387295,140,192,0.3412787608920408
4.460047365436881,7,6.900127200350893,162,126,3,8.933419566469343,10,86,0.4210063600175447
4.841094288074367,2,6.1839043769348985,135,93,3,5.643381696187011,124,12,0.939195218846745
2.0451590197025844,6,7.797899583450576,203,90,2,8.48235270768296,182,103,0.48389497917252877
10.358604267213016,8,6.559607268199647,218,2,2,8.395642330490602,140,10,0.1919803634099823
14.8822364980312,8,11.511150090989503,123,43,1,6.056507198673247,29,110,0.6295575045494751
0.34025677989649716,5,9.946203265716811,147,8,2,8.449263566530725,98,197,0.8033101632858406
15.17879522157819,8,5.652287816675284,174,43,2,5.100403326897142,141,8,0.23461439083376417
17.679624254455774,8,9.093644058491531,188,174,1,6.92548340226082,8,144,0.37868220292457655
4.898505635140612,4,7.234366272416961,178,86,3,6.693247086566126,62,46,0.7057183136208481
13.421483075094116,7,8.118101420268314,152,151,1,7.574891101668529,170,68,0.5019050710134156
9.194733992123298,4,11.288325127343917,213,36,1,6.7967707979216065,121,71,0.838416256367196
6.791328167272615,5,10.39002825593942,187,18,1,8.134651305848266,101,80,0.7455014127969709
13.82309738880379,3,5.797417788214851,122,20,1,9.93622149986647,194,196,0.8458708894107427
13.665004148542138,3,8.096466630075728,122,117,1,7.851615292115947,0,170,0.9608233315037866
4.372421199115748,1,4.614531973136015,188,33,2,5.704145691160463,11,60,0.8547265986568006
7.68230663010056,4,9.655283221107734,134,116,3,9.878691621501638,67,65,0.9147641610553867
12.68347233429843,3,6.393885981474403,125,83,1,7.940884959357133,40,155,0.8696942990737204
16.49357112894946,2,4.665274453818308,206,62,2,7.832954267654205,29,87,0.7212637226909154
11.832211156736372,1,9.013216003145676,163,39,1,7.723880729137883,27,119,0.99
9.078103951607138,6,9.794496235664326,151,30,2,5.100500645627387,102,153,0.6877248117832164
13.944605347686133,7,10.016014537153449,169,62,2,8.701906398914163,149,199,0.5628007268576725
14.06511565983883,9,11.185119077565792,177,75,1,8.835248734456558,35,176,0.4052559538782896
10.007403371904456,6,7.072686775002208,207,173,1,7.804526592893786,149,107,0.4396343387501104
1.592137702623815,1,5.1820273335172775,191,112,3,6.890096684117818,172,47,0.8771013666758637
11.445344458472713,0,8.340007034074908,178,88,1,9.346948869742992,193,179,0.99
17.43013668969473,2,9.396014792452995,183,173,1,9.876445438119202,48,195,0.99
19.590530902578067,1,5.750768389829928,128,115,1,6.353248705095014,8,75,0.99
12.036859156460272,2,8.501689498473759,130,1,3,6.570103520075433,35,1,0.99
14.189443136159976,3,10.018856516588109,215,47,2,7.8570422315322945,143,64,0.8709428258294056
7.7178908422628,4,5.681290965074276,213,37,1,5.511207246532697,94,20,0.5580645482537139
9.080961974418354,8,7.447926034002479,201,150,2,6.62059510840112,139,53,0.27039630170012385
13.056406362939963,7,5.326116378694513,202,133,2,9.522591912702342,149,130,0.2623058189347257
13.488596886789963,3,7.106923209683422,145,107,2,5.871648501321084,98,54,0.8653461604841712
7.8245862371572095,7,7.002639126071385,136,97,1,9.124454087547514,79,197,0.4781319563035693
6.611934585445147,3,11.318228987805343,152,141,1,7.664767098860244,139,93,0.99
19.29156339779008,2,7.747306878932118,179,176,3,7.156980512196476,106,179,0.929365343946606
19.2680880910728,8,5.603956347716782,191,70,2,5.0708454059785355,65,121,0.19819781738583908
4.737862073122869,7,4.602900941592843,179,168,2,8.678262304019908,174,12,0.27214504707964216
17.738419419601097,8,9.499670782829913,177,147,3,7.910085499818143,90,7,0.42098353914149567
4.469100983997115,8,11.097076318772487,198,121,1,7.869613663121113,64,158,0.4588538159386243
8.287805871671889,2,10.769127257578027,127,82,2,8.484125097475518,145,21,0.99
8.213491475495228,6,4.139126220113494,131,128,3,5.603584975950657,80,140,0.4449563110056747
19.63088197118223,4,6.764281546120642,151,5,2,8.800878922086564,15,177,0.7362140773060322
17.7949857341997,4,9.910922340780242,215,79,2,5.311855140029747,191,188,0.7655461170390123
15.65773987237993,9,9.641633578497313,215,119,3,9.993903908333344,103,192,0.2520816789248656
15.111369565528568,6,6.77710093291831,194,88,2,7.115985399169418,115,183,0.45085504664591547
1.024741588822865,1,9.72169715419031,187,79,1,9.325169598465006,30,42,0.99
10.423810088683224,7,7.610567582222601,207,132,1,6.204716813193025,185,11,0.3665283791111301
5.158952548552882,9,8.283822238525572,208,44,2,7.439279600707094,163,144,0.19819111192627847
16.063126274268832,7,6.840204527155841,157,16,2,6.663312321383946,161,183,0.4280102263577921
0.21945678776146893,3,7.171170154298827,204,129,1,6.428345213258248,128,160,0.7505585077149416
15.775625556531258,4,7.376220356459167,210,133,1,6.679297629318295,9,58,0.6488110178229585
14.876874074817138,8,4.9660949650414095,175,12,3,9.946701035684868,31,114,0.1983047482520704
0.785380680574562,1,11.358562100163912,181,2,2,8.63790803028017,177,85,0.99
0.9693850931347404,5,4.252224714310923,210,78,1,5.247445951937879,120,21,0.3926112357155462
17.73317060781151,9,9.389485679383979,179,172,2,7.793138435937085,13,108,0.31147428396919896
2.0106626225960693,2,8.617335507073037,202,27,3,8.392925325940396,63,94,0.9268667753536518
3.3270151907337913,0,7.886767648909187,157,28,1,7.845318962431522,75,19,0.99
17.13199264394001,6,11.4161482606294,130,23,2,8.749668934898544,175,122,0.81080741303147
13.325171795745609,9,11.318733875337593,181,100,3,5.91101085710517,59,21,0.4039366937668797
13.340865117446096,5,9.21355019560524,187,37,3,8.773607758704486,96,69,0.6866775097802621
13.933741238438202,1,9.486814557897224,164,149,2,7.210685530387147,32,9,0.99
13.876503397395133,1,10.54849569086867,207,34,2,5.359820082316232,13,94,0.99
19.38629529900585,0,8.659625816795948,147,51,2,7.586112931859863,162,11,0.99
9.158378345845948,7,10.099211361023574,191,23,1,6.2795332538291415,19,79,0.5229605680511787
14.72593272923269,9,8.697421985778155,146,81,1,8.14572793020927,104,18,0.34287109928890774
16.970706818063103,9,9.778368767518993,184,142,1,6.67554027791947,36,131,0.3209184383759497
4.769845913602541,1,8.108798318013502,207,69,2,5.470946491284892,0,106,0.99
10.491915791412517,4,7.535926716846361,214,168,3,9.450711460990526,125,38,0.6487963358423181
17.791926662224025,5,11.052044942285114,192,81,3,8.317431952050997,92,141,0.7686022471142556
11.233027517562187,3,7.763963240959729,175,135,3,6.877793315659989,82,83,0.8381981620479866
1.6125231890778686,6,10.886044418149254,149,26,1,5.60170539868314,104,136,0.7463022209074626
11.894822438188475,9,9.55530316054363,138,4,1,7.778626854694805,109,181,0.4017651580271815
6.000341914358993,7,11.077460573940533,194,153,3,8.10872810552997,105,117,0.5658730286970267
15.95781943166722,8,9.36715907019429,176,77,3,9.75699675492023,173,43,0.4163579535097145
10.358443303733559,7,10.557004349254415,207,178,3,7.907891545803318,17,85,0.5138502174627207
14.080768947353905,5,11.461770176691278,125,21,3,9.560404421484934,2,26,0.923088508834564
12.868247508962384,5,4.445319079929106,207,66,3,9.66672364725956,164,76,0.40826595399645527
6.751402747095969,9,5.6129366847384645,148,74,3,7.3778616141583555,167,52,0.18464683423692324
13.322398298948434,2,8.902925393809488,187,57,3,6.643371667102551,6,163,0.9711462696904744
10.88427060108777,9,9.186307169752425,146,79,1,6.715274467125913,158,132,0.36731535848762126
17.116472040107034,4,6.287954108117718,206,169,1,6.467545994595712,134,77,0.6023977054058859
4.844192139159162,1,10.000475446714256,120,73,1,5.876898617281443,130,73,0.99
9.706876302315296,0,6.742093042817494,203,113,3,8.260579226246533,47,199,0.99
6.061186793155417,7,6.522496802370268,162,147,3,5.366869408108838,158,5,0.4021248401185134
5.132415697044072,2,9.786427025225365,218,73,1,8.360550366595888,133,177,0.9533213512612684
13.636866243108706,4,4.215673737531982,175,11,3,9.253622048223018,20,35,0.5607836868765992
1.2662268786188002,5,6.724047683646731,122,12,2,9.274408692574807,34,174,0.6922023841823366
1.9519779855303723,8,10.330226067412385,168,163,2,5.546634015792222,168,119,0.48051130337061915
1.866768594417558,0,5.0071625660039505,159,13,2,9.520954482261494,164,176,0.99
6.415320104674744,5,8.796951680285058,185,80,1,6.7772492208016715,120,17,0.6698475840142529
10.503216922801561,8,10.798282437898557,203,117,3,8.432461408468182,77,85,0.43391412189492773
6.528466868677424,4,6.238026270518773,177,176,1,7.4156500576280475,73,149,0.6579013135259387
3.64038301331829,2,7.309244449454284,208,139,2,8.484648877567679,55,145,0.8494622224727143
1.6151161858995837,1,6.175808862932282,175,164,3,9.07112950723932,118,184,0.9587904431466139
18.3412806044669,8,7.229684760866903,220,120,1,7.711802570691561,164,110,0.2214842380433451
3.3621096898351848,3,5.386886291275954,145,101,1,6.360164201666197,120,169,0.7793443145637979
19.127677458541573,6,6.799235480902086,201,30,1,6.801883901363101,0,77,0.4379617740451043
2.087015735269174,9,9.47880160190038,141,7,1,7.575157166727931,65,130,0.3919400800950189
0.3875013258680162,4,8.521542330883749,182,4,3,5.422721057068724,171,144,0.7620771165441876
16.64580107840811,4,6.085290237327747,194,129,1,7.379657860648,6,120,0.6162645118663875
16.054739135024967,8,7.812411419085051,176,91,3,5.746038731465925,23,43,0.3386205709542526
13.891877315825965,1,4.778988467929836,181,177,3,6.657335544859588,106,32,0.8769494233964917
5.925756003425272,5,5.481792876585335,178,48,1,5.356535656837489,47,102,0.5180896438292668
1.48458991833825,4,5.795351777667227,176,128,3,6.98576716434355,35,72,0.6377675888833615
0.6860020420561179,3,10.861080011693957,218,180,1,7.998364673881971,23,101,0.9070540005846981
14.009574202244885,9,5.22251361976071,201,170,3,6.976061994929425,55,150,0.05912568098803539
14.680290583571846,6,5.466982911608965,172,39,3,7.52305991749731,131,163,0.4293491455804482
3.462841773022502,4,8.190805373623345,196,84,2,6.20124734319441,191,129,0.7175402686811673
16.571515946559053,3,9.962491294114328,154,129,1,9.414675155202833,171,119,0.99
13.808013961020167,8,10.459214131452566,206,76,2,5.8022889549369765,175,151,0.4109607065726282
2.7606677508191453,0,5.231044719681639,139,51,1,7.778768716404451,43,120,0.99
4.15157304131439,0,6.517755623107018,146,10,3,5.352677179932808,103,43,0.99
13.713130675677247,6,4.067139509007378,194,33,3,8.513149031793795,60,199,0.3153569754503689
15.25776981799784,2,10.378885068352853,168,152,2,8.490417779844485,37,110,0.99
5.804504612814841,8,8.94019795717019,206,182,3,7.590070728355926,156,76,0.33500989785850943
3.4215479822520076,2,10.74306040635447,133,122,2,7.53093341340165,59,18,0.99
12.113719957096352,5,9.642936957978275,159,9,2,6.541239946639575,74,98,0.7641468478989137
17.515385214325008,8,11.967538137842565,127,62,2,8.483978104772543,69,137,0.6443769068921282
14.866679860192857,5,4.3195666514508915,166,65,3,7.785557948385546,99,118,0.4839783325725446
8.152022453076817,3,6.51276750646845,141,116,3,8.25547482950052,184,83,0.8436383753234227
2.577559156172959,3,6.947046865551053,138,24,1,8.080483296863566,158,59,0.8713523432775527
11.05748744140267,3,4.227337891099855,171,168,3,7.889381665247122,81,143,0.6693668945549929
16.890224623576565,7,11.973288137130634,161,112,1,9.99208060777977,79,115,0.6766644068565317
0.6863573432156483,9,6.824616221348973,127,46,3,9.574276370257301,95,81,0.28723081106744863
7.737049784609564,1,5.336853963067647,143,50,2,6.1654554395659025,28,140,0.9808426981533822
8.488831763557277,9,8.767729535663559,128,61,2,5.019041552249043,111,72,0.38238647678317794
8.62218852508775,1,8.809525102326205,122,102,2,5.742392147643866,173,58,0.99
5.397485879032174,0,5.470358501326234,143,21,2,6.113442154512709,113,61,0.99
0.9059395079168325,1,8.753338343898545,141,0,3,5.645446417885372,108,32,0.99
5.751704220532272,3,8.947001848098807,201,63,1,8.143434621119907,46,172,0.8453500924049405
17.597285484130005,0,8.01559505834103,142,16,2,7.204824144034618,115,137,0.99
18.13258503774326,1,4.261568451221826,174,126,3,8.37176894638906,74,139,0.865078422561091
10.332286988039273,0,9.221544591017032,163,59,3,6.792584558695158,91,77,0.99
2.48913621101175,2,5.2356217592548555,172,55,3,8.890353928930333,42,12,0.8177810879627427
17.734209645661526,7,10.930625946583667,212,42,2,8.637632997343204,11,58,0.5225312973291834
7.131039080084441,3,5.547588431348741,208,23,1,8.098349646940243,21,98,0.6613794215674372
0.9118957745846348,3,11.9254430246116,121,79,1,8.994064262901613,107,65,0.99
9.050803371465443,8,5.0328727986252995,190,66,1,5.041730103097367,75,187,0.17164363993126497
14.938422801759945,4,5.387328923007713,173,68,3,8.386551384672654,81,69,0.6233664461503856
15.50160270080923,0,9.731609917083532,151,114,1,5.327240513241956,195,152,0.99
3.787725378020938,1,9.131682068759096,197,94,3,9.008169009196884,90,150,0.99
10.729742306230301,0,9.384911323341981,194,36,3,6.964159638387359,180,191,0.99
18.51578748016787,3,4.4966384781500315,125,119,3,5.572682330223889,193,50,0.7748319239075017
3.0080996508831093,5,9.309171699356305,164,161,1,9.343977931846972,38,43,0.7374585849678152
17.032832712600424,6,11.815134077130383,157,95,3,5.636316077479632,160,143,0.7767567038565191
3.7740028268236663,4,7.5544894718722935,191,21,1,8.731081017070746,46,156,0.6957244735936147
17.799896863515468,4,9.876962763397543,170,131,3,6.098502697594208,67,8,0.8538481381698773
14.78774880888461,2,5.759061308475311,120,119,2,6.882399207255627,121,80,0.9479530654237656
0.49941833757433607,8,10.00060798157098,201,94,1,8.63210421507659,84,71,0.39803039907854887
6.027250060715107,5,5.527274421280171,137,5,3,6.125540873244792,164,114,0.6023637210640085
1.5561443347209702,3,10.491912656824537,204,114,1,7.768480553567246,14,21,0.9165956328412269
12.603311991869507,6,5.400472325242372,133,103,2,8.968246865436846,190,189,0.5040236162621186
5.275609254554211,6,6.5070102745224405,143,105,1,6.666000738948285,131,67,0.539350513726122
11.037906274452949,0,5.865371803920088,188,92,2,6.875100497732426,138,3,0.99
17.131532390499938,6,8.04818378644477,198,31,3,5.322632760067254,51,39,0.5064091893222386
0.5222293236202317,9,8.246197806819321,176,176,3,7.869367878564896,93,185,0.2603098903409661
7.9655429383478005,8,7.410342176326781,149,42,1,8.766081461755554,29,33,0.372517108816339
14.424648428189036,9,6.329936689401532,200,177,1,6.751257314273653,122,92,0.11649683447007653
2.373277356871957,7,6.831918301199524,171,70,2,9.818319059867264,138,54,0.3995959150599762
16.314040285336645,1,10.779222391057623,212,130,1,5.100674843012363,85,166,0.99
9.24599694000649,2,8.073578096909447,122,39,3,8.225450830111928,14,54,0.99
0.19637719662901454,2,11.977702769758427,199,140,3,5.0122314653603794,72,119,0.99
11.32769274392227,8,6.173763480476238,166,145,2,9.615043256805746,177,3,0.2766881740238118
0.3292722270595948,0,8.455908784201403,154,107,3,7.507697689585156,122,83,0.99
2.8713251440286256,5,7.9440934443175815,218,217,2,9.49390608846086,22,18,0.561204672215879
1.8418763312827682,9,7.226311142089568,159,9,3,8.793788167006579,8,181,0.24331555710447833
4.972031872077233,2,11.102437799574165,140,20,1,9.52132512366056,130,69,0.99
19.638418620682604,3,11.400649279747979,171,92,1,5.275665259812229,149,81,0.99
4.706175704984129,6,6.276057540644904,181,13,2,7.3407567439336,74,102,0.4518028770322452
16.11293907821444,3,9.96238917945336,189,121,3,8.641254984340385,119,85,0.9201194589726681
15.718662614118436,8,8.175224369617926,121,113,1,5.127721854469127,37,6,0.46676121848089624
18.197207841026508,1,11.411066282023533,145,116,2,5.502146157927498,148,75,0.99
3.3065813576093546,5,5.077036638350641,173,124,2,8.964980094652704,37,54,0.507851831917532
9.210754838937337,9,11.81185670286509,200,148,3,5.7514421240149485,133,197,0.3905928351432545
16.673664083678126,1,4.396360484384942,150,63,1,6.826221084733947,117,43,0.9198180242192471
9.267914997105716,1,11.656812050585064,214,126,3,7.230875980459041,156,73,0.99
10.824867215091075,7,11.691942088356884,192,44,3,7.381097381139636,22,145,0.6005971044178442
14.39417448716554,2,8.886298485476,167,100,1,8.870993255888145,134,50,0.99
3.722395745431569,2,10.021095262405552,205,188,3,7.585058558039384,167,109,0.99
3.4998901087055145,1,8.492973322549918,132,77,1,5.9087564675405275,74,1,0.99
9.105927807952973,1,4.855583209001197,167,102,2,9.230732913841836,114,48,0.9087791604500597
19.43771518941294,2,8.235150354361975,169,125,1,9.13813762159015,138,44,0.9737575177180988
7.495179342502361,9,6.4578518331443675,170,118,1,5.683150401816216,56,32,0.18289259165721833
5.850040593424371,1,6.2473517553785225,219,26,3,8.588186187679305,141,0,0.8743675877689261
12.966664507174317,4,6.753033944097907,218,40,1,9.45743753998908,89,171,0.6016516972048955
13.06647192566521,8,8.603723237584795,184,140,3,7.539322685465084,130,28,0.3621861618792397
6.3733900851736145,3,11.033810402197442,213,103,3,7.588693670013111,165,165,0.9256905201098724
10.76415030876758,1,10.387100885694311,203,71,1,9.40960646373919,51,81,0.99
18.830810362659115,4,8.05488911824962,213,67,1,8.43174733867605,0,71,0.6767444559124811
1.3755354827993842,6,11.917657554401703,184,175,2,6.216181263574424,91,103,0.7278828777200851
19.188492620265272,7,4.712644677043216,130,69,2,8.009385289815452,174,43,0.3756322338521608
0.606019892015162,4,9.993693135019393,219,155,1,6.208014412281951,106,167,0.7616846567509699
5.022515306974399,3,11.51943327071665,210,72,2,5.456419533264193,171,170,0.9559716635358328
16.092370077805754,5,5.689179237816423,212,194,2,8.212168614487258,65,58,0.4604589618908212
12.970897337017792,3,6.369574048732941,178,36,2,6.609959731243636,9,154,0.7624787024366472
13.401433260665163,7,6.81080569257089,165,85,1,6.103694971697698,96,25,0.41054028462854447
15.501130428970955,7,8.366737052415594,152,60,2,8.016193454452976,46,27,0.5143368526207797
4.9976146659613825,8,10.65910656426524,170,37,2,7.5712156309218965,186,189,0.492955328213262
17.943256749081243,9,4.848571598276958,155,11,2,8.689404220918796,99,129,0.13242857991384788
7.967656301677863,8,4.4258089772362394,143,100,2,7.863778427941264,15,2,0.23529044886181194
17.09273035452782,2,8.260848608333543,197,137,2,9.850380538361783,21,181,0.9190424304166772
6.611248320943302,3,5.354557890215612,171,101,1,6.076493826425537,19,8,0.7257278945107808
11.90168685577406,4,10.247815950803727,214,31,2,6.85500560325757,186,74,0.7843907975401865
14.40559609251431,7,5.073525647501339,218,161,3,8.526998037027631,34,97,0.21767628237506703
18.929824518421555,0,10.854844832727245,162,85,3,7.810242443631074,175,188,0.99
10.642995658381915,9,10.369024876780042,178,98,1,5.8951616482704114,122,58,0.36245124383900207
14.509209698532413,7,6.261951718984611,135,102,3,6.07859914511176,30,127,0.44309758594923054
17.768199241226196,9,11.24528408377433,147,56,1,8.57390985152703,56,81,0.46826420418871645
11.976800857548852,2,5.416365415694308,189,186,1,5.188346138334188,123,85,0.7928182707847155
6.031484432282295,6,11.703284996581935,159,26,2,8.600696537178806,143,49,0.7671642498290967
4.096411055458577,9,6.975413648347003,122,41,2,5.064950550572258,93,112,0.30477068241735017
13.176973998657674,3,8.9386675162119,170,94,3,6.997660115098853,196,37,0.9069333758105951
8.842011108771322,5,9.169441719625924,129,35,2,6.6790474070975145,59,55,0.8004720859812962
4.630198044441518,6,7.8711128065032625,173,144,2,9.299076542074763,97,105,0.5475556403251631
13.737553405215227,6,9.885971219237586,146,2,1,7.805284056874424,17,124,0.7022985609618793
3.446466359551287,9,5.042469836539875,124,55,1,5.871321759278949,34,20,0.20412349182699374
3.3624040965200805,0,7.629190806778056,155,35,2,7.85926477301795,167,158,0.99
17.49855854069945,7,11.159451518996796,144,111,2,7.221158181780261,68,62,0.6699725759498398
11.418896023228964,6,10.106079659369904,196,121,2,5.700883848318114,172,35,0.6133039829684951
1.1497498080153692,4,11.157394773922253,147,129,1,8.975661904274572,96,195,0.9638697386961126
15.612830905200518,4,6.389804354239959,126,88,2,6.140908100012218,54,180,0.767490217711998
11.859325006971762,7,10.847909321350308,128,118,2,8.974906357950042,191,135,0.6863954660675154
10.189421047383666,9,9.018959334712287,211,91,1,6.990338377581044,115,193,0.2289479667356143
7.2625440905408505,7,9.651278612094057,216,70,1,8.488231639705146,7,43,0.45056393060470284
2.7384933139521994,4,6.257980123066981,218,65,1,5.299240022195624,6,58,0.5768990061533492
17.21459777086241,5,6.837768177851134,164,44,1,6.987905334993565,188,126,0.6138884088925567
16.60554035882012,2,9.708039399888769,152,32,1,6.456449607290032,179,127,0.99
2.188904866873951,0,4.080315930092563,170,103,3,6.910288729996588,196,51,0.9640157965046281
18.849668918427408,7,5.533868766522298,149,73,2,9.969619923195113,98,86,0.37869343832611496
9.868651332505943,8,6.420234992701726,175,48,2,6.177892982124751,196,125,0.2710117496350862
0.28622766612184536,9,10.618391508048855,181,2,2,5.171299674183371,29,180,0.3689195754024428
14.661695204924794,3,7.389224313594865,187,35,2,6.101002406758806,11,152,0.7954612156797435
12.563537221729266,1,11.832841051564134,200,142,2,9.780368517596521,84,1,0.99
19.22154006839495,1,10.997870992330608,215,30,1,8.447259727675256,185,85,0.99
19.764398877010258,4,5.452608379687524,160,112,1,7.241200345356468,90,181,0.6526304189843763
1.8349604152027734,8,11.211241794434276,211,153,2,9.553338559598705,134,40,0.4385620897217138
9.963599994504078,2,11.870791204624512,219,55,3,7.267319116185476,62,149,0.99
1.893297022795277,8,8.717824548275608,170,130,2,7.735521767192784,35,148,0.3958912274137803
16.342189791107195,5,8.407509513182134,174,66,1,7.157197747759288,77,146,0.6723754756591067
1.2092638848773045,9,8.94851838792441,132,20,2,7.493458492356888,132,55,0.3834259193962205
17.08670452966689,6,4.280883224143516,175,119,3,6.987280541441772,164,41,0.3640441612071758
0.46970945340257375,1,8.768543435498218,123,17,2,5.2878840788013015,80,1,0.99
12.346894998888134,9,6.813049346387585,142,2,3,5.038874393604475,164,195,0.2566524673193792
0.7253294739759577,1,10.130860883188689,218,26,3,8.535985704286105,171,137,0.99
4.604249507906687,1,9.470425433373155,125,64,2,5.8787034323735305,43,87,0.99
2.003622773152053,1,6.411227366835632,145,92,1,5.306643602497215,86,171,0.99
3.7466729105517733,8,8.69208056070946,200,59,2,8.593087950846341,16,112,0.33460402803547296
10.196522534439788,6,8.800298940443358,185,127,3,6.878566534101803,168,109,0.5700149470221679
2.416596433006046,4,5.319140255175927,169,14,3,5.3717231906358345,192,77,0.6279570127587963
5.246059941568104,3,4.032718876607841,192,44,1,9.035189826289676,132,98,0.6176359438303921
5.247483631191176,0,5.34822914812956,193,87,1,8.074455272879085,96,178,0.981411457406478
0.8280829437505758,2,10.023650757542125,200,12,2,6.3888384420590905,144,110,0.99
4.642284165108603,8,11.47968508668854,124,36,3,7.8322814997284205,128,5,0.625984254334427
4.867108320091308,4,8.316759656613755,173,105,3,7.826662531089365,60,175,0.7698379828306878
5.486402469233941,5,11.25058120101982,165,76,3,6.081117405148945,170,131,0.8325290600509909
9.686213499522655,3,11.571314289363453,189,118,3,8.122131537613368,194,85,0.99
13.080311023530362,2,4.781601920239633,181,17,3,8.908739341309186,185,163,0.7770800960119818
0.1278971799114933,9,10.208827963469332,192,189,1,8.965088057558939,156,153,0.3264413981734666
16.295144708664843,9,10.334798886829581,161,119,2,9.225813499095661,102,120,0.394739944341479
15.578323686513,8,7.261645310402642,165,27,1,6.986711851592144,116,154,0.33308226552013204
8.4591382284518,5,10.949525959903056,168,20,2,9.554563338536301,160,124,0.8114762979951526
9.643792580266311,5,4.3576807280530305,168,117,1,8.548724755985775,127,49,0.4818840364026515
15.919201483401443,0,5.407327441838129,162,73,1,6.799206731760271,152,199,0.99
1.0744466291617698,8,8.268546117605734,147,57,1,8.692984630959891,173,120,0.4194273058802867
4.045591129166472,9,4.756727027332326,145,59,2,5.04707072711234,143,147,0.14783635136661627
12.141530010177378,9,4.411776246279241,127,23,2,8.34213840767271,7,150,0.16658881231396205
3.1031264033817108,0,9.422331547237729,162,69,3,5.429341976902199,167,64,0.99
9.817059534548587,8,11.516231419793623,133,2,1,5.064417031324305,121,61,0.6098115709896811
11.029793702976768,5,7.574561998930443,191,21,3,6.260019568409764,154,184,0.5967280999465222
4.561181396515516,0,8.757454990997804,177,117,2,6.694910019117075,142,173,0.99
8.687849817330145,5,11.346024660208881,138,56,2,8.609304771047718,198,90,0.891301233010444
18.44637675707961,0,7.0001530051002705,151,22,2,6.855967996607262,143,3,0.99
13.990424143817773,7,9.648525287354719,160,53,1,9.3514193877569,100,103,0.562426264367736
10.973432563196047,8,4.176444353192218,206,22,2,9.890109055257774,34,165,0.09682221765961085
4.183598800158869,3,6.57740372511077,129,120,3,5.556967801212683,125,32,0.8708701862555386
7.240205936273801,3,5.681644403795038,160,111,1,9.718493978680403,157,57,0.7640822201897519
2.76342269396953,6,7.88685690874908,202,49,3,7.33616267551672,71,22,0.490342845437454
4.456206185164508,1,8.053849818951013,171,106,1,9.006451364934374,31,82,0.99
9.821704630622484,6,8.451211668040575,162,97,1,5.86420466732695,152,59,0.5985605834020287
2.3485196756734106,5,10.74464379970893,176,158,1,9.659739871342488,20,87,0.7852321899854465
13.971658229391506,6,7.2364717384118595,197,183,1,5.048150936542417,108,94,0.467823586920593
1.8816641592422996,4,5.6683889227398225,132,18,2,7.4844661501718965,177,184,0.7194194461369912
13.457869104529307,4,9.76693122021307,181,118,3,5.823526506887222,31,170,0.8263465610106536
8.84830546353325,5,9.23602931352422,151,51,2,8.739811081276988,52,18,0.7598014656762109
19.760624383224613,5,9.608601990140595,128,61,3,9.227674861070236,154,82,0.8244300995070297
18.203126379618947,7,10.12115769254547,145,26,1,5.880441907784302,27,37,0.6160578846272735
16.48447328353591,8,10.767059499821386,157,145,2,8.258769770165227,172,181,0.5243529749910691
17.64270433286143,9,9.369465107485887,143,7,3,9.870324374628096,99,30,0.38247325537429433
9.034979391245093,9,7.239796249719965,215,149,2,7.412606671343829,34,78,0.13198981248599823
4.5638332494562075,3,6.099347007383087,210,57,3,6.136660282909776,177,156,0.6849673503691547
11.622017190777859,3,6.388774425457263,135,83,2,6.945507483537439,82,31,0.8494387212728634
10.29936465391087,9,5.546974262984588,205,78,3,8.798683488613648,73,75,0.06734871314922936
0.8707954664849449,3,10.811820825692894,136,78,2,7.594635031337483,190,14,0.99
16.046092413462443,3,5.62440360624503,179,2,2,8.371119295090443,95,25,0.7232201803122517
17.166396406023924,3,4.661553069565795,174,112,2,7.353298366152854,1,8,0.6850776534782899
19.91622493832323,1,8.857735895779207,134,48,1,8.985001914363163,86,17,0.99
10.344762199442656,2,11.342483098364198,176,42,3,8.845668998896084,33,60,0.99
0.6415887962332569,2,7.250944435231559,159,46,1,6.705981819066704,2,87,0.944547221761578
3.0034576646805116,1,8.74219097056216,137,117,1,6.278817485394192,193,167,0.99
16.120491095773893,3,8.411302901770581,219,108,2,8.01512169351615,155,147,0.7825651450885294
12.277482838806831,2,7.452815941681017,148,109,2,7.338386524324095,94,68,0.9766407970840509
0.5738400870100956,2,6.517904506998421,165,136,2,6.637731278308602,1,178,0.895895225349921
1.5418260179604322,5,8.614225471739577,218,60,2,7.666938744530206,189,107,0.5947112735869788
10.158764780983745,2,9.370468123811726,219,64,2,5.467344956948092,106,38,0.9305234061905865
4.684060182889702,8,4.894718137371964,155,7,1,7.474047721832341,34,57,0.2347359068685982
16.094316146975668,6,4.731440779237491,179,130,2,9.026295087182614,128,179,0.3785720389618745
19.565294676371927,5,10.965089439286729,155,17,3,9.881977893912682,96,133,0.8382544719643363
2.944848366277008,0,6.494509948562427,178,121,1,7.3329706428346615,99,42,0.99
3.2658993517606905,1,7.7664898012927726,152,91,1,8.140381220797968,52,90,0.99
7.988468286980419,8,11.916086296248773,141,121,3,7.464781021152659,37,35,0.6138043148124386
19.287415224152063,3,8.811134443853264,124,41,2,5.9271394423965615,80,67,0.99
3.505220609189799,1,9.189728113879873,192,35,2,6.638655031594287,155,66,0.99
19.14753888841429,6,7.229958168879482,183,115,1,5.780612940085938,180,21,0.4954979084439741
6.1522847132207215,7,11.252906141051113,160,32,3,8.11105762915479,192,81,0.6426453070525557
17.707768579531294,0,10.187993584029115,124,10,2,7.307274133014371,58,146,0.99
11.65351609913336,5,7.663004397850761,204,59,2,5.443371013090045,88,151,0.575150219892538
16.120551713790555,4,7.80451413690903,215,90,2,8.794259578419942,138,164,0.6602257068454516
3.937802115080819,3,11.245028173357262,121,48,1,6.721649613019401,16,70,0.99
3.9167828700478005,6,5.730819433472298,188,7,1,7.684080109601197,75,68,0.4105409716736149
15.790336760052213,1,8.513972084524873,185,106,2,6.907758338967614,79,130,0.99
8.344702606436334,6,8.896924879654405,211,207,3,7.35109884551464,155,63,0.5228462439827202
4.973622004443084,2,6.8457065827490275,190,37,2,9.876833711699796,113,163,0.8622853291374514
8.463176396124208,8,4.69555363539939,215,194,2,6.29803484939162,173,45,0.10477768176996943
6.059114806515639,2,11.104560299431066,136,66,1,7.717052926557919,194,135,0.99
18.08068011362828,2,8.59644525018922,155,27,3,6.792906062857685,195,141,0.99
11.23512340495693,8,5.9602217704643765,214,74,1,6.986474247668885,8,47,0.17001108852321883
7.252975691207913,4,9.013574470380586,208,7,1,5.728546130718277,181,91,0.7346787235190294
4.022344301273872,6,5.3054442174068175,188,157,2,9.868197795519873,68,10,0.3892722108703409
9.258311327911063,8,6.8464817710069035,165,95,1,9.851725820481334,190,117,0.31232408855034516
9.626242561169144,7,6.293550984803763,213,126,2,7.012819034141171,104,18,0.28867754924018824
19.771768326198497,5,5.221153231485479,146,113,1,9.045974550138993,161,87,0.569057661574274
15.768311480682808,8,8.827914694407568,180,124,2,5.279666457235594,104,76,0.38139573472037835
9.213022876286512,0,6.665115773294174,150,122,1,8.070781212671939,1,106,0.99
18.507529859619233,2,11.007274003916343,154,73,1,7.340640094160921,119,182,0.99
2.4469907677791216,6,11.636273495283334,189,174,1,5.335174559885217,11,63,0.7038136747641667
9.029793108523668,3,8.41823513627864,217,141,1,8.120548084603026,94,124,0.7869117568139321
10.280587828992791,2,11.080752213781166,204,9,2,6.693622935184251,34,102,0.99
17.46944520173977,4,9.64066240058147,131,66,2,5.069242803186845,151,194,0.9200331200290734
18.718257134048848,1,11.42673454616088,171,13,1,5.530764957917558,188,112,0.99
9.475423436201401,2,6.840010982105499,173,41,1,7.679270542004195,124,155,0.8960005491052749
5.970306740298489,4,10.484213122411429,157,1,2,7.3577782766939315,141,82,0.9102106561205714
11.420533053669121,4,4.362003129797794,151,138,3,5.566154078567225,192,162,0.6161001564898898
18.302282775785567,9,9.648114619555756,173,142,1,8.432926715276214,86,72,0.33640573097778775
12.799693367738998,2,8.75409082983426,203,141,2,7.342755492314827,6,32,0.931704541491713
18.529821664007876,5,8.641615268911803,173,171,1,7.501948884819628,19,124,0.6860807634455901
0.6540242513889287,1,4.721470836917907,157,21,3,5.361717278917538,69,30,0.9220735418458952
3.3087358274961884,6,10.462329275668568,213,66,1,8.689477348540212,132,45,0.5971164637834285
1.0478617869336313,8,10.630821602016386,137,38,1,7.566280110942525,43,32,0.5575410801008193
2.0944572596165734,7,11.205917557454203,218,202,3,5.992811462342308,174,127,0.5242958778727103
6.936841590437458,0,10.723594313916685,181,26,2,6.644504292379345,63,114,0.99
11.006078918823649,5,6.062798182844471,168,1,3,5.2242091097393235,105,79,0.5671399091422236
18.475499077308026,1,6.676834856686125,189,77,1,6.8607518170761885,181,174,0.9558417428343061
8.044453269993582,8,6.124581507181252,140,12,1,6.010555997852842,56,47,0.32622907535906254
6.602257397154294,8,4.050738908107032,169,4,1,8.722497747225034,108,30,0.16453694540535152
17.44730479264723,1,9.136066859710034,202,68,3,8.187092637498004,133,58,0.99
15.285071047618619,3,10.514277991350594,151,63,3,9.165900677133461,10,85,0.99
4.845407959066371,2,4.180981655753742,121,60,3,7.494791898886438,171,158,0.8670490827876871
0.14188433977413292,8,7.539868038494903,168,136,3,9.76309110979557,88,11,0.3409934019247451
12.258851528985028,4,11.003057534399758,164,61,2,6.408663039394247,78,192,0.922152876719988
1.2325995188240193,9,8.804479664984495,168,15,3,7.649417181537881,33,26,0.30422398324922467
8.429412893377963,7,6.745091214580839,198,49,3,5.973797347576712,35,157,0.3412545607290419
3.642940056174692,6,10.051929246979793,182,90,2,6.376586541500557,189,18,0.6385964623489896
1.844901603977979,3,11.573556779261326,122,52,3,6.582995415450553,80,89,0.99
15.416313350083483,1,11.009422881075835,191,140,3,7.324048325867063,36,76,0.99
7.402787183932274,5,5.611708539253063,182,140,1,7.041156622651128,146,177,0.5165854269626532
19.037248591592057,1,6.134541584733048,204,193,2,7.131758365960299,41,154,0.8987270792366523
3.5998377431599313,6,7.123758092477487,159,116,3,7.075119418932292,71,155,0.5381879046238744
10.026908265426995,5,4.3822260592569915,144,26,3,6.101387180495982,55,161,0.5311113029628496
11.208663933488168,8,6.357044971745009,194,103,1,6.187694326048584,85,106,0.2298522485872504
11.556626629326912,3,11.865859414596024,153,51,2,9.197332181628935,24,180,0.99
8.066199112610168,2,5.260477343110388,186,42,3,6.762924070152801,155,115,0.7910238671555195
16.161175235687022,9,9.991106198347193,196,146,1,9.013354870741471,1,10,0.3075553099173597
7.745977589421145,6,8.694060062929518,195,162,2,5.905479965663886,37,117,0.5447030031464759
12.845638160867148,5,5.305421374268035,123,39,1,6.82237597563516,174,170,0.6192710687134018
5.1177639589754245,9,6.703122605427371,164,77,2,6.967849469980916,123,130,0.20715613027136853
2.787745367851915,3,11.144633798245408,206,108,2,8.282056393640232,99,42,0.9452316899122705
12.471546090528765,9,9.546827357564275,177,67,2,6.584317493419961,145,36,0.32334136787821377
16.36837830496118,4,9.255531294369153,148,93,3,7.351586092075779,73,76,0.8667765647184578
6.429281673463097,0,7.646800937119475,197,196,3,9.34809470607734,127,133,0.99
18.358720106800707,4,6.547200588597586,144,25,3,6.599841409660107,93,85,0.7393600294298794
4.968142882358193,7,6.878422441580506,200,179,1,5.367304583762363,108,160,0.34392112207902537
2.241558557075204,9,8.087737761391992,131,37,2,9.905315034759994,188,159,0.3423868880695996
19.922314465248363,3,8.520608926177864,127,112,1,5.609471993895081,95,127,0.9720304463088933
18.381302272261475,2,10.84678055206404,218,216,1,6.419634305669933,158,56,0.99
15.62170840855853,2,11.388480243610559,144,144,3,9.539946982039343,74,136,0.99
18.68041899526813,3,6.382460959255,129,39,1,5.628014528742973,7,31,0.8611230479627501
19.233645288273642,9,5.238696203674638,120,54,3,6.529820677851359,60,196,0.22193481018373185
10.534142843699133,9,9.924722551032897,204,94,3,9.351134186241527,110,131,0.28823612755164485
3.0100754026145946,4,4.5141934390816845,126,37,2,9.122592584365051,134,101,0.6737096719540843
4.043269084482642,0,8.509811777932537,208,155,2,5.704925721989174,83,38,0.99
7.474118417082365,9,4.669956116513313,160,152,1,7.415106215809185,127,123,0.1134978058256656
5.144212199402015,5,6.089330594691945,169,61,1,5.517432147045952,124,96,0.5664665297345972
19.170659310536927,1,4.397941306902193,136,119,2,6.667188701750231,120,128,0.9478970653451095
7.3594347586835545,4,8.358259234605445,164,42,2,5.015898763760613,113,45,0.7899129617302723
16.00214737844565,9,8.310453065066906,160,16,3,8.676979647289123,74,164,0.2955226532533452
4.235636988502829,5,9.59350626592711,213,115,3,6.607869964923593,6,106,0.6536753132963555
11.648464351563032,8,7.618272542456096,135,30,1,5.327980635588891,178,180,0.41091362712280477
17.49259593122908,2,9.752949152906028,128,110,2,6.52245612297758,149,77,0.99
2.8062095392727575,1,6.136927853043228,217,79,2,5.632058355810551,120,44,0.8728463926521615
0.6294973733641714,1,9.33603454534859,157,131,2,7.866645967560961,27,71,0.99
12.603189477296754,4,10.915745202256218,134,67,1,5.610988530699758,32,47,0.977787260112811
4.296406939674905,6,10.836369810850035,166,112,3,6.310723715376474,139,196,0.7098184905425018
1.5700951507158953,5,10.03482967167754,175,101,3,7.07940970252255,117,49,0.7517414835838769
16.666153784269454,5,4.089237850058261,213,68,2,5.968683395693639,146,170,0.378461892502913
